CREATE DATABASE IF NOT EXISTS `db_burbujas`;

USE `db_burbujas`;

--
-- Dumping data for table `config`
--

LOCK TABLES `config` WRITE;
INSERT INTO db_burbujas.config(nombre_lavanderia, logo_lavanderia, entrega_pedidos_automatica, timeout_alerta_rabastecimiento, email_acceso, clave_acceso) VALUES ('Burbujas', x'89504E470D0A1A0A0000000D49484452000000640000006A08060000004AE8F424000000017352474201D9C92C7F000000097048597300000B1300000B1301009A9C1800003CC249444154789CEDBD09901CD9791EF8BDCCACFBEAAEEAFBEE4677E3BE3183B9C0118787484B3225CB3245C9B4B80EEE6E882191B62959216A570AAFAF908F0DADE45558B6365672C896CCA544939286E2704E700ECC0018DC8D061A7DDF47555755D75D95F9F6FF5F66561786000633D37368426F2651D55979BCFCFFF7FFFFF71FEFA581BF691FA866BCDF1DF89B767BFB1B867CC0DA879221D3CB0B5FA58FC46067CFD7DEEFBEBCD5F6A163C8959BD77FE9C68D1BFF727E7EFEB7EFF47B4A4A2F7DE85B557C4A13F8071E0DBFDBA18BEFBDC7DDBC6BFBD03184DA6F43CADF334DB37297DF2BAF5E5BF8076B1BA9FFB89E4C79BADB5B32B4EF6F18F26EB583A37B991177630648327E52CAEABFBA7C6332502A57B09E4A7DA068F081EACC4EB6C5AAF971FA88767BF43F6BDCEFD3713DE0319EEB6B6FF9FBF96205837D5DEF530FEFDC3E940CB925E52F2EE64BFF7C6E2DAD3DB5B4F17BC31D89334181DFEC10E245217043407C49D7B47FAC91113174BDFC7EF7B7B17DE818322DE5979752997FF9FCD589F0F5B95534793D911383BD3F7C6474D704FDFC62BB264CFADC72B60F5CFB50316443CAD63430B4B8B9159EDAC821A7FB512B5530B7BEE1696D0E259252362784D87CBFFB79AFF6A1628800AA3A6D3EC380CFF042271B0109D46A35E842F457810374D8F7DFEF7EDEAB7DA818422DEB35717A30DEFA430FF4564E5C9E984773228643C3DDE86C8F2F11B36EBDDF1D7CB3F6A16208A9236BA92A9FF618FAB963BBDA7FE6D850EB672D68514337B24D41FD4F3460F5FDEEE39BB50F0543BEF9F24B5F698F377DAEA72DF11FBA3CE28F685771CE94FF8910D51F97ABD04D0B1679E42966987BCEAA94FDA4E2468849D75B84587C1FBB7F5BFB6BCF9005B3F663E7CF9FFDFBA94CEA6873D43FECEE6FA9AEF6D34720E8EF38DB78FC7AB5D456D3C4278BD2FC9C29B423C4946FD0EEAFBCD7FDBE5BFB6BCF106A2FD0F659CB34BD52CA8D86FDB74C4DF7AF56B347A5A61D979A1E25F595C8431C5A4C6E3CF0FAD8B558B566FA77F5F525EE75F165B3D4471F473752EB2BC4BCAF74B5B47F312EBC8577EB61FEDA33A487EC037D64DFB89F24A3B454583BECF5E0ABBA663C6E42BB54863625210EE4F2A5F6D9F979940912570BF7A6ADA6E956269F3B31BFBAFAF9B9E9A9D603A37B08B7E167DFA5C7F9E0328474FC51FA48B50B31FB76CEBF3476F90B2F3D7DFAD7CBB54ADBB11327AEB47674FD2E3CFED70C88FFB73518FDB98F1C7AE0E70B85C2CAC8E0E0D8BDAEA3414F2F2F2FCDACAEACF46FAE6F60A379BDEF6D3DD07DB60F1C4316A4FC5982A75B19133FBABABA76EAF4C46CB9351C2D07BCBE7F339008FEE9FD5E271C8AC5BA3BFABA0AA5A24F56C515CBAC3DD5ED350AE43CAE063CDE99EE44EB37441C81B644CB6BF7BA8E06511010DF6A0E4642CDA37BBF3CD0DBFB3BEFFC29EFDEDE77862CD6E4673581C5AA868F95253E39972EF65DBC366E9E3D77AE6966663A6655CBE88827AC4422F17FFEC61FFFE9AF8D8E8E60CFC82E842341EEFC6B21893F3324CEB7E822D9785D5D37FE9BCFE77F816095D084BEDE1E6852BA891015874E56D72B568A0F6BD5B5D2BDFAC7C82C2565F252B1FC8766ADFABDAEF6CEF9778F1AEF134352D20C486811BE7F1EF8F1E52C8E5FBC3ED53C7EEB667C6276465B4D6E2093DF429598918886B098CF69B7D696FBCCCBB5BEC08BA791686E42A225011ADDBB46BA7A3F716868F7D66CCE9A330CF14D9F0F7F4ED7B5A4447BB0B32B40DFD7DB74B1F0C63EB47A3572DC51BD9FFEC68560BB9171B677B5BDE70C5997E67005DAAFA5CCEC915BCBAB62E26672E0FA8DE5D88DA959A4F33994A5890AC871D0FDD03D3E1C7DF8613C7C781F50AB606565190B73F3585A5EC2ECEC226E5C9F889E375E8B3E1D6D425338B227DA143DDAD1DDF58B23244143FD7DBE5020A04362715ECAFFD42BC47F7FAF9FF5EDB4F78C21A4BBBB6BC043535BD97F38313BFD91D7AF5F0E5F9F9AC7F24A19E9340152AF1FF43B4CA1A3A669A8D46A9024211E8F1783DD9DE8087A600DF5A170EC10B64A2594CB1564D359ACAC6D606E6E06B3F373BEB989A59EF3572EF6E02981582C868EB64EF4F7F40FF675F50C3D33BEF88F3A5BE297E331FFEF7778C4D937EDF0FBD4DE5586AC497978D3C22F65CA18FCEEF8BAFFDC858BCDF36B8B5D2BE90DFF7232896CA10C6104A1F903D00D0F24B9D692FF93166D644E05B1A8662260D5D0A47961047C28195EF44562F0E902B51E133972C5B3C4A46C3E8FB5AD1C36365358595FC5FCC222961797317973D24B971908FB0203ED8996FDB43DFA7B5F7F2A3D343480DEBE9E54B039B02975F80C81D35EE039F2DC57DECF88F08E33840C60B00C7C62B354F8FCF84666F8DCD599916B53CBC189E9056CE6B69027D5C36AA98A3064204A304627A9D0604270B4964CB0806599207ED057FA8D2485FE81877ED26A12C5CC168AC4B4B6480811C3809FB45222E447391147B765A14AC7972B65E48A45140A4514F324819B05AC2EADF016595C5EDD7FEDDA0D88674FC317F0559A3AE2D5DED15EADA3B3EDD1C19EBEFFB92D9E284D97CCE706FDFAD716B3E55D74DB07BAA3BE3FD9693ADDADED1843D64DB99B90D2C313B9D24F8C4DCEECB97A63BC7F7C72DEB7B84684A9EAA4828858C408CDE78146A3DC4304274545D617B65480FF968A2DCC0C901D9504BF8A6699B69A4A92D7AA159CBD72018B64431E3D7602FB878749BD09E4683F9FE9F178E0D7BD88FBBC109188627095305599FEB12A23C86E15904C17D5673A9D215BB4EC5D4CAE7A2F5EBC8AFC997C8FCFF0F434479BD1146D1AF9CD3F7EF2E12B73ABE19ECE566B49CA3682E23769BBF26EC7BD768C211BD9CA3FFBCE2BAF3CF8CAD878F7E4CABAB76069285678C41AE4ED923B464C906CAC8909A49B480A54AAC2D91C969074A84DDA9FFC5122892A1143180E15CD2A665616716D7C8C8CF6004647867199BE9FB97C1123F4FDC4E1A3F00903265DDBA0F38957E09A1FAF5787E10F214152D5DB418CA551502AD7906729AA14C82615B196CD6269651D6B6B49A452D9C4D2EAF80F5DB93E8E60D0570E868DAED69696ADBEEEEEF40B93F345B249D70603E2CB3B45BBC6B6630CD92C94F7BC7C696CF0E2FC32D2A494890210345A992A4A194926BD66D35C3A7FBACD6584ADB4E85F4D6DE441D419C6615AC3EBC5E12387D133D08FDEDE3EBA86844100A0562EA39C2BC020422FCC4E61FAD63406E9F7E1C121F8BC066B45E73EEC9F1083A84F01DD83A690876E1B51572F9B26F2A3C3C814CB48E58B48E58AC8918D5B496EF85652EB3DF3E934269796A15BE7E011DAF19FFFB7FF61EF03478E62EFF0D0C4C3839D5FDA293AEE18432CAF8F74BB40D9F091AAF1D343066863434D8A48B04221CF8309089B2136E96DCE48263EB6D9617F58EABBA4E12E2CFB084337303A38AC545B94ED0719F6BD7DFD6889C6A0134AF3D14008FB83E49F24D044D210F469249D6FE868C360B0FB41D72785E8D525FC211F42213AAFC94298A49BD15E77AD444C2AA24652542D9595646593D9D8CCADC98FFFE533CFE1CCAB67E23B45436E3BC69050CC83584B13F46416A2A6D348A2A148042A137CA9E94C5CA946B07088A1A94FFA5BD8C4B6E0708925857FB448AE586D91FED70869F9C0235B43983C3F56456CE4C94387DF1340B43D40364A2A7BD4DDDA82F67813388DEBD1B5BA5A1470BE6C7FD8B793F6379648A9C00590CC6EE1E973D7B04C7626D1D58E586B13DA5B5A90E88CC2477D93A52ABC9120CE5DBE8CAD5C464B993210D7457127E8B8730CF108C463611A691AF42A3D9ED4ED91CFA849083512595214811C0D26E4B61581A3B184702584FF2175640A6598B9D12D604A7B73B510AB2325049A506A4D23F86C2A76D9D5723AB699E15CB9FE0967BFB257606668EA9C0CDD70722D852B5333886EA4616A84F23C06227E3F063ADBF0898F3C0A5F730C1601945838E6A5B1D346A7BDAD20E81BDB8E31841F3C46EAC24F5035478FCCE8C7548699CDB88D9E98D82A0A216DA628D248AB3E625DF6285D4F20C0A06BAC66AB387F6B0D66D54047348018A9220F1969FA5F3188A5840590A586D513F38E19C386DD2264E7132C45B6EDBA63E3FD34302C619FCBE081835B05BAEE26A9A75432831A0F24592309273B53A9E211BA4F918ECE11E068E9E80FD74CF900DE4D865C999CFFAFA1682C4004FCB9C196C87DD52FF173B5C75B94B1E4B16A12C16A8E0AE211ACD1A73D5AC5F61095DB084B59192521B68251CC2367702D5BC4B79F7F052F1A269A092334877D88458388C69AE8B3099D891674C69B110D0711A1CDEBD195F4599CB7255567E97C5F4DDDDB3527A68B316C31553F709440450A68AB1204AC30543699A924A192ED9787000133565308B14A3BD95F0A040215DAB5F2F659707BFB01868C6F6CFDD1C58B977E2AD814F7ECD937624C57E5E7073DE2BE826A5D1D9DF0938E479EC798507E846B27EA06BB81194A40588A1C982BEA8A5ED60FF106FCD8B37B103D5172FE522B84A65248E7B2584EA650242F9D258C252048C705FD649489294D64E49B63F6D64106BE8D18463E06FC64575C5507574295BA220794B69AF353827C98C7094175C5BB9024EF7F732B8B52A98072318B5095A4AE484060AB8C209D10F6FAF3BA262EBD0DDADFB1FD004326A6677E7C6A75DD23535B88B5B5FE98C7307CF77B313FE9584DD3EACFAA46BA661B4C5B4A6C09B1CD85ACEB27A1E9CE57D7FCBAD6D784D7D07164B4078FECEE872CE621CB45E52016CA156C552AE4EB5490A77D996C06D94C5A8550925B695873A6F2F0B937018F17A16010E12079F7E130DA5A5BD1D1D686582C42AA515783C8A03EF09D9961ED411F4EEDEDC1B18136144B2514E97EACAA72E4F51BE453054A268C5C0921022ECDBEB049CEE28E5541FE0043929BE92FC4E289FF128EB70422A4B35BBCC68F2E174BFFAD33E0BF67DE807DB840D06F115334AFB7869225949A524E21D91147332846D8C6DC26BCA646A870E0A8E50E5AD51826FB48F524E8E4DEA007BE601375B8499DE9EA7B36C2EC4314099696D556428598552546559971850272B99C0A469608B66E6EA4B0B6B48A09466B84004D523B0679F8E1501411DAA29166B426DA48E282680F05E08DF9157A6335C77689B742A102413E4A40F3A023DEBA53BCB83343BEF0C953DF78793EF9FFC49A428170C8FBAC51AD5D276559BBD3C98D8D430BA1A0E7409886A19E248F44DAD2C105CDAE33C884D42CAB01836E3B840A7F7140B16EE29921025EA27C807605E96F3F1B7047EDB396631B55A12D40DE5E53280C411BB0AD15790098C4AC1231A64C23BC440E648918562A96D4FE2A3183C32A79226E81F66537F348AFE7B032B7AADC204103C430C82721A90A127382A4CAC23182BEC13031BCACFCA258ACF99DF2E0B67647A3DED514FDBA3F68CCD3207F9AACE4D94E216A0BC9B52FD24FFFBD27D17647F1A40B5D0B78F129520321215234F2350755411942E1B87F75585B770E84B223B0BFDAD252C7A78EAA93B26E943587B13C6A59051AEABAB6DD7195A1031DD45E8D98A5EB0184FC81FABEED9880134629D55020E92993EA2B96997926A9C51A213BB65184AEC89873D0324FB6A4428C6C0D044885156191840562917740FE3BD2F1079B5F9AFF4EAFEA1B0651B6C527E47236F3E90BAF9FFB3211F3E3DF79E1D95FF8F4E34F6CBCF11C22D80D8298852879BA8CB234A29CD01CA32D6CE2598A42C236159A0D75EC903B1400B0EAC26193CBD2D8A9944A124CC08977A14E7E6E1A8D62DD09AE588A9986FADD3EDEBEA7F25D18063B3BB95F5E7A720E70B2E5F093CA0A783DF018619BD996738E925A539D58A91043480D32A42AD09D0AD5B282F60182E13BD9EEC8908EA8FF46E3DFC2D03A9BE2CDAB3E8F778474BEF74EE7D083BC4ADB56A229460FCA76A24A0F4E8E1D7BCB2C29D209AF5B9AB2219A230952CADB828C7547843693FECB1331B244149EC411805D78A86442D88A4E97A6222AEBD48A0ADB938347069A6D4B2A97C7D4D42CA6276790D9DC5297F6F9FCF079BD84C422E8E9EA446F673B5A9AC2D0854D7B9FAE82047569E2812274E61EC7BE4228D00FD3E92C0D1213313A2F1CF2EC041FEAEDBE1C4362C8F3FD43833765A5E6270ADE3179D326C4F284949518E95B0F47F0C82953A10FDA4C4DD481936D3E84A3D2E024A3A4ADCAB611AF138ED7C849AB929366D990D4F55BDC80B0B229367860B5A8F300A0EF49B20797A6A671F1CA552CCE2EC02423CC907C70B08F8818A5E30D1AF412334B6B98995BC6606F174687FA10F51B4AA2D87ED83E93136B13B67DE37B1BBA507D36897B9148187EEF1B8365EFACDD1743DABDA129FA987AB3E3B86B9150841812206A1212113E9212692B7E595732F5E36503A472092C2C519714A9992ABE6447C2DCD61815E6FF0CF523ABAB225D7A2E9DC68B172EE2B5F31751C91531DCDB8F437B463140446F6F6B81D7E755EAAB4CEA279DDC446A238DB5549A60731687770FA1B725AA2444ABA34159B737EA3B75D4761C2B742D4FC5D076B6807BC742272929FD497A0E7F30423032A046206124A5787883EB1C72784B8ABA3FD21885572A4C73BC6861EB1066C81BA24FF5A66C8569DBA00A698ED94C16DF397B0E2F9D7995D099C0A3878EE0D403C7D1D7D1428EA1A64A515835555576C08B704F3BDADB5BB09E4C6396D4DAABAF5F86757037BABB5AD5C575617B502C11EE30E2C1C15E7C8518EA338C0211F0E64ED190DB8E3164B1887F9AA9A2677E3545238C731024FE96ED14D6237BD21588BA6BA8D495DBB6CD87230592934D12E59A54A31AAEE4B89EBCB4B38B1CDA58CC16F1BD33AFE33BA7BFAFE0E8A3271FC2478E1F437F6B027E6240AE5CC2D2DA2A3636D69127E82B858ED6F60EB4B57522126FC23EFF086E5CBD81D76FDC22431D449C606E95D0BE97BC7B374CCFD16B7E9A0031A852AE121CF633DED8D1D2A077CC905B527E6DBD808E2BB3CB9F9B5C4EB74C6EE455FC889E836C8765C35E4D6B08793B611238F0D5923653EA91DE6D95A4599AFAAD4AF6C852A15CDEEB9A7F9BA1EC1C6E92057FEDFA3C5E387399BCE91A1E7FEC181E39799C1CBC38CA74DED4FC22CE5EBA80F5D4BABA879F602B0F985BCBAB8406AFA3AFA71747F6EDC6AE7DA3B83A7613D7262671F2E8011B8E73B4C0B91F9C9E19D427D3AC21180C706C33FA4E69D8D8DE1143C6AA955F5DCAD7BE7A7172397E756A1E6B993C9ADB7B108E47E02DE48821E47C2943CB473B3E89C257DB0C51B9C07A08DCF1598493B0A2512CAC4695D51808830AEB33EAB9B6B081E75F1DC3EA6A06FBF61FC0C9630FA28D98C18C3C3F3185D32FBF444AD3C2E89E11C49B9B081985D420496772585B49626C72169BD91C4E1E39886EB235D3133731B9B080A19E6E9292AACA4A6AD2B6F60A68485B5263D198877A7FCFEAF9B7DADE3243D6A4DC4D245A5EADC95F985E59FBEAC5E55C7C7C254D10B3848EBE5EEC1DED254D6321954E2257B1ECF8951BDF92B60A731195ABA25484D7910EE13894F64F6E1A57C09D69A38E729D43FA79A350C3ABE333B83E3587E6581CC7F6EFC3607787CAE78F5DBB85E75E7D0D816808474F1C83C71FC224A1AF72695DC5DC3862DCDA3B808ECE2AE6A7E770866CC80387F62142CCBC464C696D8923E2F33AD261031393B61227DAA85F9170987FB82FDC9BAC48AD582C77E5F2C52F35C79BBED1EE17AFBF6386AC4A798854C43F21AFB0706331F5B98BB7569AA69225F211340CF7F7E1D0EE1E1A993EA43722B8C0BE03C7F73C2A60E2047A1D9B628B8A1D4A51D15E37E40E34A230E5C1397975CB6591B4B38EC24948DD5C58C5A5C96914AC220E8D1CC081DD83444481EB374885BD7C111EF2370E3CF8001637F378ED99D3585D5953611393467E50259CDA71EAF821ECD97F1037C72EE3CA8D9BD8373280AD6C0AB3CB4BD83734E4246F2CC7F7519501645B3C0C7B79D79BCE735FACCA4011F8BB5B5EFD1337A7329FF5177070BC262FC775FC11B90BD7DF164336A46CCF01BF5C007EF2C2F446E0ECAD35ACE768B454353487FD3831D2855D2D7EACA4B7B03C37479EAC493E8497FC07DD760CEB850C9AA3B01C9A3BBBA5B56D65EAAA49DA9E3EAB26057DC5B684F0DFD9620D635333985A9A86376C6060A80D9DAD51649219BC7EEEAA0204870E1FC7EC4A1ECFBE78162B2BAB2A22DDDC9C2008DC0AB356C6F4DC0C4A9B2FE1131F398991D15DB87EE5323A5B62E8E9ECC2121DBF7F6857439FEC3E3252F390910C85430A74DD8B6E29AB2AF2966C2DD5E4D76E2C6FEE7971620E1DED6D3FEA89F97E38D212184C9AB52F257423FD9619428ED9C3E92A3E3DB69609BC38BE82A582A5F2084D7E8107F690D315F72197CDE3DB7FF90C5EBA3E857CB01B65AE3A512AA80EAF6E4B68AB1AAC8648A06CF0D2D537B76205A8FB22D2D9CF618BB9D52426A667C9166C62CFC810FA09DEB29F3646F75F585AC7EE434791DEAAE2D9D36795AF617803A899760910ABAF43C3BB51EC4DE0D22B17F0EC73DFC767FED6E304793B70F3E62D3CF6E031ACADAD60339D819F549BDB6D86CE65C7E92595C51ED63DD31355B3E62B978B0F4D6F64F6BC482A748506416A7D01A56B5B9EE0FE81BF3D126FFEF9C6E3EF9B21EB65F3F333994AF8CCF83236684C14E85443D6D0D719C7686F0C35EAE437FFEA197CF7F9976854F8101AE885E5F1A8B4AA4A50B9A3DBFDD74155AEBADA4E50B94C811D66B103627616D0F153F8E72A6D73ABCB585A5AA67E080C7477515FDA558864FCD60C82D100C1D9189E7EE592920CC3E727A85A56FE43B1584499BEEBB28813FB0671E2F811BC7EE6159C3B7F191F7BEC01649349AC6C241124E33F47C6BDA3A9D91E386C4308EE7130923B1176A2CB6FD258C8AB9A8EAC37A84705690E416A3C14F39BB55AED55928EDB60F37D31846CC7814BC9E263E76F2DF816F31594C8F1E33878D8636078A019829CB0EF3CFB3C9E7CEA59A408769AE1B0CA83E82C1D3CCA35E9A81A51970CD71D110DF157F986FB2A94C571A94A8D9C31BAAE4753869C8FCB12616789D029F2CC9B23510C75B5231E0DE2FCF92B58594F6270EF5E2CA7522441D33C2D4DD90DCB72626144D8EC5616AF5FBC8610C1DF8F3E700066691357C9C33F303A4452D285999959B225BBB0B9BE5EEF2B9FCFFE10E75B785C04FD46993E97EE453B8FD02B8180F7745F67F0371FF378BFF2E2956B6D9D9D1D38B97BB4DC63E8FFFA8DC7BF294316A5F569F2C03F3FB1BE15A50D393DA48A007482B4FD3DADA4B30338FFD205FCF9934F618360AFE90DA97CB6AC9205A15169691E1AD54EE2546E07C95D7F503AC98D7A08FEB6221DDBDE54AA55550D6F917630552051603D5FC0628AD3B825D2F99D688D4460552DCC91AAD23CE48537B5E2FCF82D640B79E8A49E241153D775158E974E4884A5E4E6C42D1C1868C391432364D4C771E3E6043EFAE883C8E50A6A20301AAB12330D5B50551E9DEB8D7D2A3A8CCA9B31246E78F966C939297F6BB8B9A9A60D0FFFEBA678F3AD6643FF832E219E7ECB0C2943FCD2DC56E5D4F5B52D4FCE88A0403AC3B42A84F5F218E91AC4FCDC2ABEF917DFC50AA1989AE655056BDC69BDBA858008A04CA3BCA269F5AC609D192E92741098AD131A83292E08E048B1ADA7543509D81994D8C86D61236FE727228190521F291A10A9CD1C5ADBE2C4146061655985D0F53B3C97DBD6D6D7707D7C1C077EEC63D8B36F2F96A66F81976DF27A7DE4D527D11A0D63AB50802F6CE7536AB5AA626E3010703301F7D5FA84288C6FE5FFEFC1D696109D3BD12BD47CFA1F68F764082FE6B20C1C7A6D7ADD335F9028D2E8E7B88E552AA229EA418CE0E5379E7A813CE155821A86AAD3E448A9CF2B10F5910F220B5075EBC26313D71275DF43A1AABA77EE78F275A36E37669645CCB4EABE8804CB09D74F6588215C7C5035AB0807FD64604348A536914967D1D6DF895C610BC9CD1419728F32C4AAD56DD6766329595CD940810CFD407F076E5CBBA28AB163F11632E82924A2516CE5C8E10D05EC0C244B2A0DB810DD53D849CBD4FD32654F2494A78FDFB8D731F76408C1DC7F7C6DAD14BABA9A43C108A34AA8A9562EC0247DDED64268647A0997AF5EAB232045B66A0551EAEC505F17560B25922327B507372FE2D0DD713794A1C676856163D12F33ABC215F0F44B856BA7A4A867144B64988BA502EDABC0E7D7407A9AF47D5EA94B0FD9B8649AFA4CC76834886AA60938F5C22E43EAAE27D791917A5A585846D8EF5119C48D5486404227526B2970396C999C4CCB018A2A754C60C6EBF310E0C70C49DF2B8D34DB90357D71657968696DE5470E1F3A72CE0FE36C5C88FB5E93EBAE0C49966574C5C4FFFAFA5C36B029FCA87A08A5D44CD52B55A56104F0DDBFFA1E8DA62275D6B273E75CA4407AB723D68383FBF7224B4E96CCD9E1100EE6A956B7234ED8DD891359CEC3368E600E9B54740D450EE639892C06069C90E29A2BAEFBD50D095F40C02083CF397366A297E06D95C087A5D28535BBCCA8B1B902C3115DBA3EE736521902077DED088522F44C79F57CD5AA0E4367ADA0D7A3052A98494EA5D7CFF56728D253AD355EFACAF56B8952B9F4B5E58DF59F0E4C4D3E3732B4EBF768F7B7DE3143C83E3E4E4EB867354312A19131A59E942A25844905847D11CCCDCD63FCC6044C423B86D8CE55D74A650CF6F662800CFE6BB7269CA76671B019E2568FD6B30CC2351FDBF6639B2976BD2DAB2D9B59F6C1F520A4E03921BAAA646489AB12936A3C68DC0C964BFFBA3EDC960E3783C9E82B5F2C103828D3757C0475C30A4DF9FC5EB06059D2966ECB19429CDAADD03FDE60D843E077A80A3C48BB9F75EF655AA64E70B69924D85F2C151FA23BFDF9FD32E39E0C2124FBC3C96CCDCB497F11F0AB4EF28418366A82E0C5D52B5709CF1788D64255A75B8E3AE2AC5D577B07A78111F17968849964D89DE9054EE6503AC5BD768A54ABBBDFF57897904E16D152B0198DF4DC3636763F4D53AD87C5D733544183816D85E40E80EDF0FFF6D9B66CB23D6041320C4DE5E7F95AECE133DCF6D0E0E34414278FEDEA64425C24CA65DA02C128C74CDAE96E9F6B64C891FD07D7E716E67F838ECFB436C5A77DD0BEB9230CB10CF46E64321AE794F979F8C17D3E2FAA850A690113CB4B2B0A0EDA03C836B8ECA071C119FB05112E91F107E1D18A70AB03DDD887656B73C783D71C0971E359A24E74A1D93177BE1F3B64EE4C2B3ECEE03C057B5C444076F6D422659A1D98344D69E74A2C8719D2C9423648881BC4E74F9DA4CCEFF7A146F0BA4C309A7D282E1565FF4512C354DD305DB7266D6664CA1672A92CF6831E932484C04F738B332FB145786A1BB5F2B5BECEEE5F69317C6FB9C4F4AE0CA9E918DED8CAE835CE1F73B90611AE4A1D669495CB93B134489313516A0D84525967FADB4B0FE2E3D0823F008F5EB1B36EECF8F1034A3BF26BD7F04AC5085591221AE0AF9D6CA79F74E51CB22A52730D1B08CAB0D3EBF5DA7E0A31A450E23E31214D72DC48D71A5A1D55D585CA15360758B00FA4203AA9D408F931CC10F679788E08D76FB13660A9F39146507DB4584274648A266666A7303432807DEDB13051879701A94B0931823BFBB6EA7DEFCA90620D9DB95281DC3FC329DFB1F7F3E861E72A128BA2B0269C6A73C740F390A4A7AD55AAAAFE264C8EA1D7C8DBFA9AADA1CA6D68F530847018A278E0AA26474278A49378DA60A181159A636F9880519E47488C64A89BCD6C21128DA9BE158BF43DD14CC8CB8F5CB9E6D89306F992DB4A8F191622BB916869437A694139A0CDF1B88DD00C7BF04488416A0E0B4FC523292C913E5F4AE6F1C2D99B687BFC48B425E279AC9121EFA4DD9521A499C8CB2504252275074D3D0C7BBB745A2416C73ACF9275A6DBD4FD6C7A408E19B1A484490DF8E801F4BA9DB5F5B04D77BB88406ADBFE48FD1A2E6FB8A284A44A55A8387057871D6864667051357BD2E96C566DA343AD847E34F21BB21818EC4734162122AF912AF3D643FD809B6F84BA7F90D46A5F4F0FC1581F6ECCAC900FE523E63463796E01E17010BC40762CE4B7E71029A6586A2A36B10BD7E696D175AD39D2F9E0F0A32B528E740831F1AE30242965788C06769E20A3693862CF1E9F1AB1BA8281BE6882BCE1307956355583C54A49159810818A053A99CE6D89C410D237E0278161C35E13BA0D7FA51DB952465BB8B644DCEEA82BE1D1D4C41FD4D494DD7A1C98591A2395D5166B22D5E4C57A26830D72128F92379D480430B3BCAE829ADD1D6DCABFD0151F58957AD4B3B03D6403C3B76C6B6FC5FEBDBB9149AEE2FAD8750CF57411782126A79318EEEBA6732DF8391D6DDA23C564C3CF408018B94AEAEBBB576FFA86FB5B1E3CDED9F4952529FF7397786795F07793900E82E05A55B3A79AD51D36A77E8A21B0271287166D03F205BB7A509A36B1C8B69053A40A9B7B3BE3885D9B833F47DEAD47A8F9E8A25142041CEC624F5D707D1257DFB3FDD02411B142BFD55C6C6433244A886F574707124DCD985D5BC5D2C63A8DDE1A86063A303E338E4C6A1E7B867B71F5F2184A24E91EF2A374AB664B1AD7F412840F0503D83B3288EECE36BC74FA34B6C81719FAC82348259364B38A0891B3C95319C4361E00CB68800683F496B06EEAC8964D7C777CA6A9BBF5C8CFF90CF8E9802FEE3843E8DE012E18B104EAA9D3FA6FEC31B3D2F285106AEB40797D19A256B623B99205A686998559A4F225B4B636D3E8529553AA70DAA6B51B6AB7E06610B75D06C76154B0D7F9DB712A1BABA3DC24C4686F1F8DE85ECCADAE606171014B4B4BE8EBEF259BE0C7DCD4048E3DF40406BADA8929E3F047C81696AA4A82B9E03B449076FFE8000EEDEDC7F8952B387BE6751CDCBD0B3D6DCDB8717D0C3DDD6DE4006BE8E96AAB1345C02E3D6D2655D8EF0D637E7A892815C6D85212971636C29D032D8F927609268478DB2BCEDD57F85D36248D3806C5B4323C5CF9DD848C6113CB9D78C3237D39B9AE027DCDE6B6FE91F57889AB745C1E3895816E58C589FE0AC7784B4D73B2860E3360CFC4E2CC702FA91B5E07E59573C0C2F42C266766F1C4A947B17BD7289E7FE91CB652299C3A7914E9F5A432FA5C2ACADD60FBC3F3DA0F1E1C4192A4EBF9675F4684A4E1D4C3C750DE4AA152D842EF8111F2008B1C62DFEEAA9AFFAEA13311A50EF8C9F19D03FBEBA9AD125EBE74038F74B734119FFF1E1DFA073BCD9034D1D9AA239FBA3B6D1B350ED6B18B10A6070B46A30483D3CAAC734D46900C612AB3899B33F3E81AE9264932A01BF40BFB2CB691A933B78E9D1AAB171BF2228AC93A4FC494AA5AD072D0194B1B5F25E4D5B0A7B70BBD2D0995481ABF3185C3FB0EE0C4C1C398BCB5805B572FE1F11F7A021F7DF8389E7FE12552459B04C3BDAA64D4274C5C3AFB3AE6176688417E3C41AA2A160AE0E2F5AB24759D286737495A5ADDAA32870A5C4B6CA1D94F7E4BB39F3E7D289AECF87A30BB59C0D5E574C7A9BEA65F2529F9FADB95923B32849C9CF933846139E62F2AB7C7816C536267CE22C48CAEC1414CA5C8492C7308D022B85C51A3FBE2D8551C7E78BF629ABE91567173E978E91C0E116E35A073F96DD5E886DD613B8D04224A641BCA5C48ED1A1769A32D9ED0796CCF281E3B7A185F275474F5D2751CD87B80A4E4417CEA874EE12F9E7C0657CF9EC3E1A347E1A56B9C3D7711C9640AA9D505AC2FCD2847B7B7B7139FFCF829EC1AE8C5EB675F439CD4DD00A9A9D4DA22867A0FA9AC2847ABD5F46DFAAE5B650488995CE39BA0F397C886D43C016C5A55BC3C3689A35DC7BD5103FDD4BDDB8A17DE1143B8A911C829CA6A434C48A0AEDBDDA86B2B19D68DCE4E24E7675488A5562D23443AF6E6EC34E657364862DAC9C1DA20272E843281815A3DFE2E1C0F5EDE661F6E0FBFC39EA6209C899AEE11D29D1B0295AF78E4E811251DE7AFDDC46BAF5DC6E8C0000E8CEC42E67812A75F7C19632499C71F7C9098B51B376F8C636B6B4B096A1B49407F5F0F111738F3D28BD0CC320E9F7C00E9B565EC191A449880836556593F3BF3E979266E0D613A81FC79C4092AAF13C4CF514FF2F42C33E4BD8FADE5BC1D5DE1911D6708171B359343A4678AAAF4C6720C723DA1A4E4412044BE40CFD02E14735B289298F3E0E669049BE934CE5D9CC0F0F12E1503E35A5F17DA6EFBDB5A83BB7687E6F0CD72E79034EC67EDC765833EDA0E0C0CE2638F3C8AB5648E0CF8553C4F86F9677EFC93F8E8A327C80678F1E4F79EC3EACA3A4E9E3C8143FB86083D0561D00578FEE0F2F20A6E4D4C201E09E2F1C71E5139102F5D7FCFC030540644B31D5E56C83A6F9C0B21FBC9D2DB1CF0C1C8F2726B060AA4BAB2244CE3338BC1535DBB799AF4B777942101E0FB3D41DFA7AFD5329EB2F071F40D557796A0305507D929CCD3A86FE91B41265FC1FC954B30094E0ADD8E8F5E3C3F067FDBB08A3BD5789AB1E12C1E20655D7DD9EDEE893765362C3B1FAE328642D6DD50565B41FAEA8FF8F0B1078F11310BF8C65FFC259E7DEE05424201FCAD8F3F86871E3E81446B2B5E78E134BEFFCCB30806FD5C71A822003C2DCDEF357068FF5E9C38B00F1B0B73A8E4F2387EE090020F9C0CF3B8E530D229BE26E6F8740F4C12B120490E893F5D8BD3003E15155858CB46372BF829F249FE887C921B777DB0B7CA9016E0CBBB9B6217CE63B999670BF1FA253C11C69E44EF201F3ABD280D780997B70FEC437A25439EF1BCAAC3F591C1DB58CBE1D5972F2036340ADD1724EA9A76CC0AB723B7BB3145A92676C6CA1595146366AAF9E442AA5953BAB4270231BD7A9A22F89153275129E5F1E7CF7E0FFFE37BDF41CDA82AC919D9D58BDD039FC3C2FC226627274965E5D44236EDC4A8FEFE3EA5B2A66EDD42663385874F72196AAB939F84AA54D4A51B3D160A656A04F138A3A0A07CA5421A20089E855922E76D3E59D266D2B2A7A94DF09BE2FE979D638810B3E345B9D0D31C8BADAC6C6915D2A56E69271CD5C5FD31E99F6295C84B9E6BFBC81E98A50A4AE4E532FA3008A3AFACAEA1128922D4DDAB42F5FC70CA803BD77103BD6FCC216D7305B7B18E8964578439190A0E40B2E34444DDD515C78F7FEAA3AA68EEC9EF3F83279FFA2B82B5EB3875F818F92CBD1826F4746C7890BC6E0BF96A15B96C9650D612316A4ED9A4074F1C43574BAB73DBC609A8AEC2B4A3D1BE40085962549EFCAF8A6527ED142D483514E9CB72BA14DADF1678E2AD32E39E0CE116F5E34F7A3B12BF76793919F4C80A193D2EE9F1D9B551D88E9A72898E56B3108B27A0EFDB83F9B12B2892D7CB990493A462737D851102F44813C14EBB7244B8492A89FA721B77E68703B7EF20532EB1DC4A7856ED83DD09FCE4A79F405F770B4E9F39839B172F63E1EA3876939DDB3B3A8ACEB636D571CEE564D319E4C8C07713283976EC08E2D1483D56665F5A389388E00010DA489CBC84C40AB922D98C32CA648B4C61A7A239765A316B585EA74138DAAFAF57ACA656AF96FE812EBF5D869086FC564F22F4D5969027C821EE92B223665D3A14B9883B9669AF0EE3F17910A787938274E98DEBD8DADC040782AAB92CB22BCB886984FF69F45A9AA91EA22645DDC0D767E7363243DA8E60DDE6D447AAEB58BA81496C4B12EDEA2089FCB1C71EC3C94387557CEAF2850B585C58C44B4B8B2A6C1F0D93C48682D83D3C8CC74E9E444BBC49AD1C64CA7ACAC6E9957D3D3B55C3C516524D44951E0D05928C54A5802A7DAFEAF6D16A9A36799F5C7C51B169DB41DBCE31A455886B37A5AC8DF6B662696C5E4D2D6607CD14EE7C0FCD8EC43A259F269B41EA5CA4B30D6D3A117DEA16F2E92C2F18426A2C8540308C883F4CEACD8BA2E3E8D9791081FABA4D0DAD1E9DE58CA4B59D9CAA4B4AC379AEFFEF5328CF568B9D34E2FB1E229F84B61CAFFC90DD52C39FE1BCDFEFB17326D85689BAA8B319F5CBBBA92C86DF5C3C4EE7E4A9EF4942684BF94DD4FC5155D6CAB6ACA6F2ED12852A0D5E0B55B235336F85196FCA106E24256BBB7B5B5B6EAC6E6A0BC5B2AAD2100DD3CCDCD4AC7216E92F0F61F34AA50A5FA2092DC62E888969E4099F7335489A5764931E845BDA94CDD179568FF60648DBD85C9F473A59C0FAA49DC603B681B3E6F4C7962A7B8F3BDA2364C4C309672AC71BC09D68908A3B75617B23A545A82C4B049F5C4FA240BAACE6D1D54453958450524FB6A55CE2CA7F8394073B886F0969BD294308F0FE97CE88FEEB7B073AC24B97E75434972B005D645E5F3043D8C9279E686F726E3B18403379B241AF1F6BD38BC82DA7C89B97C890916555156C6B27E645EA4846DCC5AAAB5C364BA59396DD26D476F417752BE2C00DB7C841BA195CB7FADE098E5A0D05AC4EC85F3430BA3E40DCA4A6134B63A82B89B1E96211E37333AA3C89A77D2B9B63D9D16C9ED195E345082AF0991EECC5BBC0903FA4EDB1437DCD9F9A5C58F5DECCE414B2AA926F62AAFC82ABBE38546E2A03EFF57A085111D364094DCDAD680A342315DBC0DADC3219D21C321B4998E42CC6C8B3E7B24FAB81C08D63B5BEFA83B4AB3D6ACABB71576074D730D560A30CD9000EB60BF2343BC5682F06604A158753D948E1948B39C7B90C72E5CD5DA4803D50B57600698612F91F9B550BD31B39CC6F146960F13286EAD5BA0AF7D5882615B29F7955FA4A4E3DD0FB5698715F0C4908C175479FB92EE5931F3F34FCB1D44BE7BD927C8F12CFF5661175E66FE86C7879C11952723572B89839BAE41C342FCD4798BFA70FCD892E4C4FCD62736D03B9F514748F1F46538CD480476522EB39708737AAF284BD64CB86D715D875BD7641A95DFCC6B05719AEDB78E95862372AC0D7E19748D66769A17E0F603B83B8FDDD667A7D1D2FD80B136CD2FD2633157CF7DC04D21552B95A985471402D6BC7AB49D6D4124F2C29E437698A3CF75DD578DF0C711B81C52FC898F1ED43DD2DC75F5DCC180582BF551A1DA63B01A7EE4C10532C7BA923A8499B76B506E7E5750205837BF622185FC7DAFA3AB652495E5A07FE441C8148181EAF5795E06C534BAAA88049A3AE4A5C6175E02C8D89FA44371EFA96B6CD8CBA616EACA66F00026838CE4D84B9BACDB1054AEEDCA9DB1CF4E22C28ED5F2BD530B6B049CE5F9E243C4ABB03F4D886930BB2A555E704163DA7D72EC47ED3B9FD6F9B212C292B52FEAB474677FDFE6AE65A6B8AD44EA4C943C4E789F486FDC096AB32EC3903B61327E00623B948C02015156D4E400B06D554E52D624C299355A951F69E7DBE809AD6ACAEC27A5BB7509255947802A970339876599190AE01A8A23E150B702AE9EFECB53436B57A769D758E0D924E99BBE36C31AFF3F4E70AA9E21BE444BE74E122F5C9A3E02F94BDB291064BB2C72A938AAF20E6F723E041999EE2F2FDB3C26E6F698E618710DF9E92F2D6A93D83CDE9CB378CF9624685332A3452D8A857B988AE1E34748C9DB009A46A6359ED10026378188A45110F7520DBD68AB58D0D95A7E62237BBB6CA35C66C372431C34291747949F07A885CEB6B2815C13055D32D5BAD613B6A7F1B6293B8C34EDCAEDEEA16A42157236D6964C958AD99786D6E15FFE3A5CB48956BA8D1A0B15707642F5DB76B0978E94DAEF925073A6CF8394069C585C8BF15FA727BCBB37083267E73775BF057CA47468FBF30B6E09D4A17C961F4287F225D289291F6AB40A41DA57531D0B6C1955C34412A8DF31B4572A078BA72AC396A93C5822A8C56136B9C390B358B0BAE0D14B9DC47DA4A9917D7F4389DD7A5AED2AA9C41F436ACAD68A32D97BC2EC1B79B2BB78D9C72D77D948EE75D912C19C48C85757CF395314C6C6CA2128A92E1DE4E290BAE4B63B5C60BA159252521116F13AA6F3389FB9619D261886F6D487965774BE8BF5687BA8F17C7D63CABBC741159EF44388C62951FC4A9E375D2B3725B5E9426704DB25D56E390C75990D29DEAE65823228C875444100BC48D4BCB84D0823A129EFADAD76A710176067DA4D682748D16723AA33E8F9AECAFEE295D487EB7B61D1D532B0AD156A0D3C8B1C366B98A57A756F0A7AF5EC50CBFDB24102289E1677396F3746ACBEC45705865D510F65818E9EF40F8BE1746BCBDBDAD85035A84985A95F27F975DE1FF2D67F91F7A717CC5C78FCCA35EAB33C3D1C12AC2BB8D9CF8D1550842D8CC100EA6D1EAD8536BA86A646206496A745C9F5EC7FCF40212419FAAF7920E61A2ECF0117BABE9356294C4138786719C0862387773ED59BD89370632EDFB722887999195B68A9AE769D4D797F1FCA5AB98CEE5219AE330C936F062040CA535CB9130219D100F57DE5410D22576F5349B51EF5B0B99B8ED6DAFE4D02EC4D329295F29F719FF9F26BB9E78EDC6BC6F99101387E385466A4B4D65134A9571F48BBD78CD21B4E5A418EE11E075948950217FA10790270EE68B26D6933C468BCA2FE0CA461FD9AD50AD80569F89DE83C388B6B7A929775C7CA00BDDC989DF1EB77567604BA7E698EBC54AD25E40793E57C4A5A54D9CBE701D63F32B28FB82D0C897B27C3EE5F8F1EC3CE57B49D7A8EBE49293DF45FDE0C96B4D4A42B14960F8F7DF0E5DDFD1D21A6CB488293F15ECD4FE326AF43EF2E2C49CE7FA668E74BE64E7432D42C39942D391007726533D8E286CBBA1E0A553102DEC2408EC75AAB846CE52B12222BD5A9F4490D3256A36D8F6D2B95C3BDCD715C7C307BA71A0AF59116CCB213F2F6DC6D9BFC6957CAABC1283E948286D4562C21AB9D5EB0469C789112F9CBF468E5F0A45DD8B6A90EC85C69378C86654A48DCA34370A6027CA7850F80591BF54429424E891A3FB103190EC12E23FBEE70CE1C64C5935E5BFA8B568FF261A1B38685C9A34C6D63791E7624B6F8408A0A9C2BA6D5DD110A975C9D41053B20B539D66AF44595779BCB29B2E78416322052FD2AFA60A0815B9E5093B4982CF55225886B6105D2C44C6D60B7BF5076E6CB778E20FBF8FA44830762357C2ADE50D9C1B9FC5F45A52E532CA046979967185EE556378CB4B060A86F576DE8575DB76645AAAC0292F5D1BF3E8E88B47706C24510ABDCD7C3AB71D599EA95D174FAF98F29F850CFCF2DF3BB96BE8B9CB532D6767163C69AB48042204C523483D900B879D296CC2F15454D19CBC7DBA99662B1A0F97FD9876A844A129151EA8A9894125529199D535CC5DB88017FC12B1906E6F412F6D013405C3AA8E8A17B4B48D3B90AB94B0B699422A9B5151595E4391EB74B5001D1B0C618B24C1E29433213B5395BE6A8EC3B76D7CB633053C278550A21788940A78687414711DD30342FCC4DBA5E58EAD97D5A10B9EB6F52D32F61F330E0EFD7A473C78F2F5F955DF8D740E299E7EC6311F1ADD35BA6555E8B66D61636A59DB211234FA1236EB8453A6CABA4D2D314B88AE4AF0BAB49547652B07AD5C4690886912CA5ACB14B192CA11BFC87BB0AAF6B92A3D60CF2551705627E273AC8D743D3832E0AC510F9208AFE155A120935F0AE348861A48623B18A9068DFD72441B5E13BED5CC228EECEAC403A3896A18587E2774DCF1775091B17F863E9EB925E59F0D77777CF4DBE7C622E32B39BD54A3D166045024AFBE6871198DCD1421B6F59503B2ECD5B139FF41A84D2DB3A71C1472288911B9D4268AD92C2A8512AC4A05419E884ADE3F8F661811484F48CDA117B4E94AE539CB00AA19BD76C4B74AF72CEB0EDAD31DE3CEAB8D166B10EA45347CBCCF56531075AD2A1B72366E49AA4ECC1F6C0DE3B1DD1DD5DE20AEF96AF8DD7742BF77ED2D6DC342FC9D45297FF1A71FDEF70B33790C5D189B3526E7D7912137DD237DCAA1E339EF9243F9BAE1A01F22101733B03408A14A75845945259F2526A4492A68F4F3CB84494A3C35476AB49A13C6705D453BF828EA4BEB6BF66FC29E27A856A876EC92E9BC3EC3F67F34C5388E4D7181B7604EB91355DD6025ECCBF3F2E41E7286F3D94DC4E8FE8FECE9C1D1FEE85CC0AA7DA1C3E37957AADF77A4750BF13BCB526E4A9FFCD5AE13FDBBA73B9BF5D7AE4E6376230359E2371790DAF045D5C2022C2D5C66A35E9FC76F5B23469439AF90594369730DE55C96904E95B1962ACDD175A122C4965E55994A26ADEE4C5FE01495EECC55B403944E7CCB999E67EB1A3B206A33C4061B2A34681A6AB0D463632AAC25EBB5C50A5DF16C2EEA332F1BFB91BD23F8C4B141B3495A89B255FD2D3AE2A3EF8466EFFA8B25C93C5EEC31F4FF4CBEC1E7E33DD1BE833D873D93AB65EFC5F159DFD8FCAAB66C66B145A3AC468450937D68F4E7C811CB6432286F11E32A39A25B59559928DF0276F6C170924E2C0716BFFD4DD454652123665DE9F8ED49442E6ED3DCDC8DB4019CEBA03A9A4D5D4F97CE72E6C21E24A66EFB4D5CACA15EF962F16417B25B96070707BAE5671E1A2C370337FCD2FA171D9EE037DE39BDDEE5D62A3C57E983B7DFDA9072800CF9838936DF2307A2C31F9F1C6CE97D6A6C2A74756D434F6E9591DB2A6073238DAD4C4E4D4D0BFAFCA4D22CA578DC6097A56AB304A433AF8489E9716C9126EC8C89AA1F96D2297E60EA9A8ECAD93E47A945CD09D334442585704223D2AE155011CC002F8093275F238B98E0970354F1504F3F7EFAD4E1DC3E1D7FD227C45BAEBFBA5B7B4FDF85DB2254D29FB7AFF3DFCBA6FC89D6DEF82FBF3C3677FCDB4F3EEF5D9D98E4571DA025C8891F226DB108933CE41A97E23BF9717B456C3B29E63621DD9CB6542B0FD5D590B0E7B9BB467B3B3C6F6700DDA9D8D2596502CEC45327E8A318A98295E4B7D48A19440928B4D1F53F7D749FFCBBA78ED542359CDF4966707B5F5FDFDDA90B9EC3FDCD7129FFE0C1BE9FFD3BA7CFBC2E9E7FE98C7F7261C1E0E09E118CA14C9E72C1329CF54E50AF0563E2990D4143DB28BB994397B8CEA237D0E1AE1EA1F2EB2A7FEB94F4906AB3D4777B4AB5AED953B6D51992C1430521F2E43BE9EF1E6F107FFBD113F2A1DDDD5B094292410FFEE94ED3E47D7F9F3AB736537E2911D1FFFDD0271E687AF4F0E857CF5EB9FAC4532F7CDF3FBB96F6C07223C4B693A696FBD36C44664792ED7DEE6C6A372F755B7846DCFE69390E8F2D297CBE3DD75117CEBB7624D434047EAB9CA7B48588C8E1F183FBCD1F3E76A4B8B7DD9FF454F0873D9AF88D7783161F0886C40D8DB307579C3FBFCFEFD37DECF8C1DF1E9F9AFF99EF9F9BF09EBF36A3AF65522ACF62AA05FEA15E6FA0114A93AA12D2A3E6CB5BBC74126CA4C6312D5B48F4FA3B2ED41B145498CC5E5440C50238F7AF965BF2F35B17094414E06146F0F21AF4F7C1DE767CE6D18F9BFBBA122FF404F0330921767469F137B60F0443A4B46B0184B0DFD118B7671F7D714DCADF79E0C0FE7FBEB056FAE4EB5727B5572E9CD327E6A6B5AD6A09F64B2A88214648BD1F84A1B08AFCAB912FB71769E425A378F1987A8989565FF440D3EDA82D2F12505D4FA9B7C2F1DC8FD660000F1D3F629D3CBCA736D4EC3583653CB72F287EE4BDA0C5078221B05FA05375B67A6B13E252AA2C3FDBD4E1DFBFB76BFF473E7D6AFFE766D793876F2ECC6AE3D393DAF8CC8C98DBD8247496B2F3232AA56B2F73CE3E0ADB0AE9CC53848BA6B8B6AAACA9B7EB70F11E1320EAF3A2ABA5197BFB7B71787888B65E2BEEC785848E5F71220FEF59FB40308424E3AE09CFB84FBD41F31C6FEB96FC765B7F227E6820F199F263C7FE27FAA16DB36C89E5644E9B5B58C2FCC23C929B9BEAC56059CEF07134583166FB31037E3FE2CDCD8845A3FC5668F4757460DFAE5E3411C2F673A5A8856C48C3777D12FF170D8857DF83C7BFAD7D201872BFAD5513B79CAFAFD1F66BE4D774B6FAB4FF63B82BFA45B32B8ADA837B9488B9EF24B4B0ADB96CAC656F46C3778FB3D1F727E9987F9830C41ADEC7F6FF03B40B17453E014E5B0000000049454E44AE426082', false, 5, 'hernan@frank.com', '$2a$12$W8T1uxGcqStwMcNdoViVSu0hPgsiRIx6CvYa2joaWx8faBd.h//2e');
UNLOCK TABLES;

--
-- Dumping data for table `clientes`
--

LOCK TABLES `clientes` WRITE;
INSERT INTO `clientes`(direccion, dni, nombre_apellido, telefono) VALUES('Paraguay 14', '41980093', 'Hernán Frank', '3435196243'),('Corrientes 1502', '23331703', 'Pablo Gabarro', '343947203'),('Ayacucho 14', '14536478', 'Dora Ponce', '343552561'),('Urquiza 456', '28567432', 'María González', '3434567890'),('San Martín 789', '31245678', 'Carlos Rodríguez', '3435678901'),('Almafuerte 234', '25789456', 'Laura Martínez', '3436789012'),('Entre Ríos 567', '33456789', 'Jorge Fernández', '3437890123'),('Córdoba 890', '29678901', 'Ana López', '3438901234'),('Laprida 123', '27890123', 'Luis García', '3439012345'),('Santa Fe 456', '34567890', 'Silvia Pérez', '3431234567'),('La Paz 789', '30789012', 'Diego Sánchez', '3432345678'),('Buenos Aires 012', '26901234', 'Marcela Romero', '3433456789'),('Italia 345', '32123456', 'Roberto Torres', '3434567890'),('España 678', '28345678', 'Carolina Díaz', '3435678901'),('Belgrano 901', '35567890', 'Miguel Acosta', '3436789012'),('Rocamora 234', '31789012', 'Patricia Molina', '3437890123'),('9 de Julio 567', '27901234', 'Fernando Ruiz', '3438901234'),('25 de Mayo 890', '33123456', 'Andrea Castro', '3439012345'),('Echagüe 123', '29345678', 'Ricardo Flores', '3431234567'),('Gualeguaychú 456', '36567890', 'Mónica Silva', '3432345678'),('Andrés Pazos 789', '32789012', 'Sebastián Morales', '3433456789'),('Victoria 012', '28901234', 'Luciana Vargas', '3434567890'),('Nogoyá 345', '34123456', 'Gabriel Ríos', '3435678901'),('Concordia 678', '30345678', 'Valeria Herrera', '3436789012'),('Villaguay 901', '37567890', 'Eduardo Medina', '3437890123'),('Feliciano 234', '33789012', 'Natalia Cruz', '3438901234'),('Federal 567', '29901234', 'Guillermo Luna', '3439012345'),('Tala 890', '35123456', 'Daniela Peralta', '3431234567'),('Maciá 123', '31345678', 'Martín Rojas', '3432345678'),('Seguí 456', '27567890', 'Cecilia Vega', '3433456789'),('Viale 789', '34789012', 'Leonardo Campos', '3434567890'),('Hasenkamp 012', '30901234', 'Julia Mendoza', '3435678901'),('Bovril 345', '36123456', 'Adrián Navarro', '3436789012'),('Piedras Blancas 678', '32345678', 'Mariana Ortiz', '3437890123'),('Villa Urquiza 901', '28567890', 'Federico Ramos', '3438901234'),('General Ramírez 234', '35789012', 'Victoria Paredes', '3439012345'),('Diamante 567', '31901234', 'Alejandro Giménez', '3431234567'),('Colón 890', '27123456', 'Florencia Vera', '3432345678'),('Sauce 123', '33345678', 'Gustavo Miranda', '3433456789'),('Rosario del Tala 456', '29567890', 'Paula Sosa', '3434567890'),('San Salvador 789', '36789012', 'Emilio Coronel', '3435678901'),('La Paz 012', '32901234', 'Lucía Benítez', '3436789012'),('Santa Elena 345', '28123456', 'Marcos Aguirre', '3437890123'),('Hernandarias 678', '34345678', 'Sol Pereyra', '3438901234'),('Villa Clara 901', '30567890', 'Ramiro Ledesma', '3439012345'),('María Grande 234', '37789012', 'Camila Ojeda', '3431234567'),('Cerrito 567', '33901234', 'Hugo Quiroga', '3432345678'),('Conscripto Bernardi 890', '29123456', 'Agustina Juárez', '3433456789'),('Villa Hernandarias 123', '35345678', 'René Delgado', '3434567890'),('Pueblo Brugo 456', '31567890', 'Alma Figueroa', '3435678901');
UNLOCK TABLES;

--
-- Dumping data for table `maquinas`
--

LOCK TABLES `maquinas` WRITE;
INSERT INTO `maquinas` VALUES (0,1,'NINGUNO'),(1,2,'LAVADORA'),(2,3,'LAVADORA'),(3,4,'LAVADORA'),(4,5,'SECADORA'),(5,6,'SECADORA'),(6,7,'SECADORA'),(7,8,'SECADORA'),(8,9,'SECADORA'),(9,10,'SECADORA');
UNLOCK TABLES;

--
-- Dumping data for table `tipos_pedido`
--

LOCK TABLES `tipos_pedido` WRITE;
INSERT INTO `tipos_pedido` VALUES (45,30,1,'Ropa'),(60,45,2,'Acolchados'),(30,20,3,'Ropa Delicada'),(75,60,4,'Cortinas'),(90,75,5,'Alfombras'),(40,25,6,'Uniformes'),(55,40,7,'Mantelería'),(35,25,8,'Ropa Interior'),(80,65,9,'Tapizados'),(50,35,10,'Ropa Deportiva'),(65,50,11,'Sábanas'),(70,55,12,'Toallas'),(85,70,13,'Cubrecamas'),(45,35,14,'Ropa de Niños'),(55,45,15,'Manteles'),(40,30,16,'Camisas'),(50,40,17,'Pantalones'),(60,50,18,'Camperas'),(45,35,19,'Remeras'),(70,60,20,'Frazadas'),(80,70,21,'Edredones'),(35,25,22,'Medias'),(65,55,23,'Fundas'),(75,65,24,'Almohadones'),(90,80,25,'Carpetas'),(40,30,26,'Repasadores'),(55,45,27,'Servilletas'),(50,40,28,'Shorts'),(60,50,29,'Vestidos'),(45,35,30,'Polleras'),(70,60,31,'Sweaters'),(85,75,32,'Cortinas Blackout'),(40,30,33,'Ropa Bebé'),(55,45,34,'Manteles Eventos'),(65,55,35,'Toallones'),(75,65,36,'Cubresillones'),(50,40,37,'Buzos'),(60,50,38,'Camperas Jean'),(45,35,39,'Remeras Deportivas'),(70,60,40,'Acolchados King'),(80,70,41,'Cortinas Living'),(35,25,42,'Pañuelos'),(65,55,43,'Fundas Sillón'),(75,65,44,'Almohadones Jardín'),(90,80,45,'Alfombras Grandes'),(40,30,46,'Repasadores Pack'),(55,45,47,'Manteles Redondos'),(50,40,48,'Shorts Deportivos'),(60,50,49,'Vestidos Fiesta'),(45,35,50,'Ropa Trabajo');
UNLOCK TABLES;

--
-- Dumping data for table `pedidos`
--

LOCK TABLES `pedidos` WRITE;
INSERT INTO `pedidos` VALUES (4500.6,1,NULL,'2024-10-08 15:00:00.000000',1,1,2,NULL,'COBRADO','PRIORITARIO'),(19125.25,2,NULL,'2024-10-09 08:45:00.000000',2,NULL,1,NULL,'PENDIENTE','NORMAL'),(11375.75,3,NULL,'2024-10-10 11:30:00.000000',3,NULL,2,NULL,'PENDIENTE','BAJA'),(25000.5,4,NULL,'2024-10-11 14:15:00.000000',4,1,1,NULL,'FINALIZADO','URGENTE'),(5625.8,5,NULL,'2024-10-12 09:00:00.000000',5,5,2,NULL,'SECADO','PRIORITARIO'),(18250.9,6,NULL,'2024-10-13 16:45:00.000000',6,NULL,1,NULL,'PENDIENTE','NORMAL'),(9750.25,7,NULL,'2024-10-14 10:30:00.000000',7,NULL,2,NULL,'PENDIENTE','BAJA'),(22125.75,8,NULL,'2024-10-15 13:15:00.000000',8,1,1,NULL,'FINALIZADO','URGENTE'),(3375.5,9,NULL,'2024-10-16 15:45:00.000000',9,6,2,NULL,'SECADO','PRIORITARIO'),(17500.8,10,NULL,'2024-10-17 08:30:00.000000',10,NULL,1,NULL,'PENDIENTE','NORMAL'),(10875.9,11,NULL,'2024-10-18 11:15:00.000000',11,NULL,2,NULL,'PENDIENTE','BAJA'),(7000,6,NULL,'2024-10-19 13:00:00.000000',12,1,1,NULL,'FINALIZADO','URGENTE'),(4875.75,13,NULL,'2024-10-20 09:45:00.000000',13,7,2,NULL,'SECADO','PRIORITARIO'),(16750.5,14,NULL,'2024-10-21 16:30:00.000000',14,NULL,1,NULL,'PENDIENTE','NORMAL'),(8375.8,15,NULL,'2024-10-22 10:15:00.000000',15,NULL,2,NULL,'PENDIENTE','BAJA'),(21500.9,16,NULL,'2024-10-23 13:00:00.000000',16,1,1,NULL,'COBRADO','URGENTE'),(2875.25,17,NULL,'2024-10-24 15:45:00.000000',17,2,2,NULL,'LAVADO','PRIORITARIO'),(15625.75,18,NULL,'2024-10-25 08:30:00.000000',18,NULL,1,NULL,'PENDIENTE','NORMAL'),(7125.5,19,NULL,'2024-10-26 11:15:00.000000',19,1,2,NULL,'CANCELADO','BAJA'),(20750.8,20,NULL,'2024-10-27 14:00:00.000000',20,1,1,NULL,'ENTREGADO','URGENTE'),(9475.25,2,'2024-11-01 15:45:00.000000','2024-10-28 09:45:00.000000',21,3,3,NULL,'LAVADO','PRIORITARIO'),(15625.5,3,NULL,'2024-10-30 08:35:00.000000',22,NULL,2,NULL,'PENDIENTE','NORMAL'),(8750.75,7,NULL,'2024-10-29 15:00:00.000000',23,NULL,1,NULL,'PENDIENTE','BAJA'),(11250.85,9,NULL,'2024-11-03 11:20:00.000000',24,1,1,NULL,'ENTREGADO','URGENTE'),(6825.15,11,NULL,'2024-11-04 15:35:00.000000',25,NULL,2,NULL,'PENDIENTE','NORMAL'),(22570.85,13,NULL,'2024-11-05 12:25:00.000000',26,1,2,NULL,'COBRADO','URGENTE'),(14785.25,16,NULL,'2024-11-06 10:45:00.000000',27,NULL,3,NULL,'PENDIENTE','PRIORITARIO'),(12380.75,19,NULL,'2024-11-08 08:20:00.000000',28,NULL,3,NULL,'PENDIENTE','NORMAL'),(7895.85,21,NULL,'2024-11-09 14:35:00.000000',29,NULL,1,NULL,'PENDIENTE','BAJA'),(9355.45,25,NULL,'2024-11-10 10:20:00.000000',30,NULL,2,NULL,'PENDIENTE','PRIORITARIO'),(21250.5,29,NULL,'2024-11-11 11:45:00.000000',31,NULL,3,NULL,'PENDIENTE','NORMAL'),(23560,31,NULL,'2024-11-12 08:10:00.000000',32,1,1,NULL,'COBRADO','URGENTE'),(9800.75,36,NULL,'2024-11-13 12:00:00.000000',33,NULL,2,NULL,'PENDIENTE','NORMAL'),(15400.5,38,NULL,'2024-11-14 09:45:00.000000',34,NULL,1,NULL,'PENDIENTE','PRIORITARIO'),(8250.5,40,NULL,'2024-11-15 10:45:00.000000',35,1,3,NULL,'CANCELADO','BAJA');
UNLOCK TABLES;

-- Dumping data for table `productos`
--

LOCK TABLES `productos` WRITE;
INSERT INTO `productos` VALUES (17.05,8.0,1,'Jabón Liquido'),(16.7,8.0,2,'Suavizante'),(14.6,5.0,3,'Quitamanchas'),(10.9,8.0,4,'Blanqueador'),(8.15,2.0,5,'Detergente en Polvo'),(24.25,2.0,6,'Perfumina'),(18,2.0,7,'Desinfectante'),(30,2.0,8,'Jabón en Polvo Industrial'),(13.6,2.0,9,'Suavizante Concentrado'),(11.05,2.0,10,'Quitamanchas Específico'),(13.45,2.0,11,'Blanqueador Oxigenado'),(28,2.0,12,'Detergente Líquido'),(19,2.0,13,'Perfumina Concentrada'),(14.9,2.0,14,'Desinfectante Industrial'),(12.05,2.0,15,'Jabón Delicado'),(20.45,5.0,16,'Suavizante Hipoalergénico'),(13,2.0,17,'Quitamanchas Grasa'),(26,2.0,18,'Blanqueador Ropa Color'),(14.6,2.0,19,'Detergente Concentrado'),(21.5,2.0,20,'Perfumina Premium'),(14.3,2.0,21,'Desinfectante Concentrado'),(20,5.0,22,'Jabón Ropa Oscura'),(18,2.0,23,'Suavizante Ropa Deportiva'),(18.7,2.0,24,'Quitamanchas Vino'),(15.95,2.0,25,'Blanqueador Delicado'),(15.25,2.0,26,'Detergente Ropa Bebé'),(24,2.0,27,'Perfumina Antialérgica'),(19,2.0,28,'Desinfectante Ropa Interior'),(21,2.0,29,'Jabón Ropa Deportiva'),(13.3,5.0,30,'Suavizante Premium'),(16.65,2.0,31,'Quitamanchas Chocolate'),(23,2.0,32,'Blanqueador Premium'),(26,2.0,33,'Detergente Antialérgico'),(12.3,2.0,34,'Perfumina Ropa Bebé'),(16.75,2.0,35,'Desinfectante Premium'),(14.6,2.0,36,'Jabón Hipoalergénico'),(22,2.0,37,'Suavizante Delicado'),(18,2.0,38,'Quitamanchas Tinta'),(17.2,2.0,39,'Blanqueador Industrial'),(20.15,2.0,40,'Detergente Premium'),(18.35,2.0,41,'Perfumina Industrial'),(28,2.0,42,'Desinfectante Delicado'),(16,2.0,43,'Jabón Premium'),(23,2.0,44,'Suavizante Industrial'),(21,2.0,45,'Quitamanchas Premium'),(25,2.0,46,'Blanqueador Concentrado'),(20,2.0,47,'Detergente Industrial'),(26,2.0,48,'Perfumina Delicada'),(17,2.0,49,'Desinfectante Antialérgico'),(24,2.0,50,'Jabón Industrial');
UNLOCK TABLES;

--
-- Dumping data for table `proveedores`
--

LOCK TABLES `proveedores` WRITE;
INSERT INTO `proveedores` VALUES (1,'20419800938','Obrien 81','Jabones Premium','3434567890'),(2,'23330162449','','Todo Limpieza','3435678901'),(3,'20334567891','Av. Almafuerte 1523','Químicos del Litoral','3436789012'),(4,'27389012345','San Martín 234','Distribuidora Clean & Fresh','3437890123'),(5,'23456789012','Gualeguaychú 567','Insumos Profesionales','3438901234'),(6,'30123456789','Entre Ríos 890','Lavandería Supplies','3439012345'),(7,'33234567890','Córdoba 445','Detergentes Industriales SA','3431234567'),(8,'27123456789','Urquiza 678','Productos de Limpieza Paraná','3432345678'),(9,'30987654321','López Jordán 890','Distribuidora del Este','3433456789'),(10,'20345678901','Av. Ramírez 1234','Químicos Argentina','3434561230'),(11,'27234567890','Italia 567','Insumos del Litoral','3435672341'),(12,'30456789012','España 890','Lavandería Express','3436783452'),(13,'23567890123','Belgrano 123','Todo Limpio SA','3437894563'),(14,'27678901234','Laprida 456','Distribuidora Paraná','3438905674'),(15,'30789012345','Pascual Palma 789','Químicos Industriales','3439016785'),(16,'20890123456','Andrés Pazos 012','Productos Premium','3432347896'),(17,'27901234567','Echagüe 345','Clean Solutions','3433458907'),(18,'23012345678','Buenos Aires 678','Insumos Express','3431239018'),(19,'30123456780','Santa Fe 901','Lavandería Pro','3434560129'),(20,'27234567891','Corrientes 234','Químicos del Sur','3435671234'),(21,'20345678902','Entre Ríos 567','Distribuidora Central','3436782340'),(22,'30456789013','Córdoba 890','Productos Industriales','3437893451'),(23,'27567890124','San Luis 123','Clean & Care','3438904562'),(24,'23678901235','La Paz 456','Insumos del Norte','3439015673'),(25,'30789012346','Victoria 789','Lavandería Total','3432346784'),(26,'27890123457','Nogoyá 012','Químicos Express','3433457895'),(27,'20901234568','Gualeguay 345','Distribuidora Profesional','3431238906'),(28,'30012345679','Diamante 678','Productos Especializados','3434569017'),(29,'27123456781','Colón 901','Clean Master','3435670128'),(30,'23234567892','Concordia 234','Insumos Master','3436781239'),(31,'30345678903','Federación 567','Lavandería Elite','3437892340'),(32,'27456789014','Villaguay 890','Químicos Premium','3438903451'),(33,'20567890125','Tala 123','Distribuidora Elite','3439014562'),(34,'30678901236','Federal 456','Productos Master','3432345673'),(35,'27789012347','Feliciano 789','Clean Pro','3433456784'),(36,'23890123458','Sauce 012','Insumos Premium','3431237895'),(37,'30901234569','Islas 345','Lavandería Master','3434568906'),(38,'27012345671','Rosario del Tala 678','Químicos Pro','3435679017'),(39,'20123456782','San Salvador 901','Distribuidora Premium','3436780128'),(40,'30234567893','Maciá 234','Productos Pro','3437891239'),(41,'27345678904','Viale 567','Clean Elite','3438902340'),(42,'23456789015','Seguí 890','Insumos Pro','3439013451'),(43,'30567890126','Hasenkamp 123','Lavandería Premium','3432344562'),(44,'27678901237','Bovril 456','Químicos Master','3433455673'),(45,'20789012348','La Paz 789','Distribuidora Pro','3431236784'),(46,'30890123459','Santa Elena 012','Productos Elite','3434567895'),(47,'27901234561','Hernandarias 345','Clean Premium','3435678906'),(48,'23012345672','Piedras Blancas 678','Insumos Elite','3436789017'),(49,'30123456783','Villa Urquiza 901','Lavandería Pro Master','3437890128'),(50,'27234567894','General Ramírez 234','Químicos Elite','3438901239');
UNLOCK TABLES;

--
-- Dumping data for table `reabastecimientos`
--

LOCK TABLES `reabastecimientos` WRITE;
INSERT INTO `reabastecimientos` VALUES (10,12500,'2025-04-29 11:50:19.000000',1,1,1,NULL),(8,8900,'2025-04-29 11:50:19.000000',2,2,1,NULL),(15,18500,'2024-11-15 09:30:00.000000',3,3,3,NULL),(20,22000,'2024-11-16 10:15:00.000000',4,4,2,NULL),(12,15800,'2024-11-17 11:45:00.000000',5,5,4,NULL),(25,28500,'2024-11-18 14:20:00.000000',6,6,5,NULL),(18,19800,'2024-11-19 15:30:00.000000',7,7,6,NULL),(30,35000,'2024-11-20 09:15:00.000000',8,8,7,NULL),(22,24500,'2024-11-21 10:45:00.000000',9,9,8,NULL),(16,17800,'2024-11-22 11:30:00.000000',10,10,9,NULL),(14,16500,'2024-11-23 14:20:00.000000',11,11,10,NULL),(28,32000,'2024-11-24 15:45:00.000000',12,12,11,NULL),(19,21000,'2024-11-25 09:30:00.000000',13,13,12,NULL),(24,27500,'2024-11-26 10:15:00.000000',14,14,13,NULL),(17,19000,'2024-11-27 11:45:00.000000',15,15,14,NULL),(21,23500,'2024-11-28 14:20:00.000000',16,16,15,NULL),(13,15000,'2024-11-29 15:30:00.000000',17,17,16,NULL),(26,29800,'2024-11-30 09:15:00.000000',18,18,17,NULL),(23,25500,'2024-12-01 10:45:00.000000',19,19,18,NULL),(27,31000,'2024-12-02 11:30:00.000000',20,20,19,NULL),(15,17200,'2024-12-03 14:20:00.000000',21,21,20,NULL),(20,22800,'2024-12-04 15:45:00.000000',22,22,21,NULL),(18,20500,'2024-12-05 09:30:00.000000',23,23,22,NULL),(25,28000,'2024-12-06 10:15:00.000000',24,24,23,NULL),(22,24800,'2024-12-07 11:45:00.000000',25,25,24,NULL),(16,18500,'2024-12-08 14:20:00.000000',26,26,25,NULL),(24,27000,'2024-12-09 15:30:00.000000',27,27,26,NULL),(19,21500,'2024-12-10 09:15:00.000000',28,28,27,NULL),(28,32500,'2024-12-11 10:45:00.000000',29,29,28,NULL),(21,23800,'2024-12-12 11:30:00.000000',30,30,29,NULL),(17,19500,'2024-12-13 14:20:00.000000',31,31,30,NULL),(23,26000,'2024-12-14 15:45:00.000000',32,32,31,NULL),(26,29500,'2024-12-15 09:30:00.000000',33,33,32,NULL),(20,22500,'2024-12-16 10:15:00.000000',34,34,33,NULL),(25,28800,'2024-12-17 11:45:00.000000',35,35,34,NULL),(15,17500,'2024-12-18 14:20:00.000000',36,36,35,NULL),(22,25000,'2024-12-19 15:30:00.000000',37,37,36,NULL),(18,20800,'2024-12-20 09:15:00.000000',38,38,37,NULL),(27,31500,'2024-12-21 10:45:00.000000',39,39,38,NULL),(24,27800,'2024-12-22 11:30:00.000000',40,40,39,NULL),(19,21800,'2024-12-23 14:20:00.000000',41,41,40,NULL),(28,33000,'2024-12-24 15:45:00.000000',42,42,41,NULL),(16,18800,'2024-12-25 09:30:00.000000',43,43,42,NULL),(23,26500,'2024-12-26 10:15:00.000000',44,44,43,NULL),(21,24000,'2024-12-27 11:45:00.000000',45,45,44,NULL),(25,29000,'2024-12-28 14:20:00.000000',46,46,45,NULL),(20,23000,'2024-12-29 15:30:00.000000',47,47,46,NULL),(26,30000,'2024-12-30 09:15:00.000000',48,48,47,NULL),(17,19800,'2024-12-31 10:45:00.000000',49,49,48,NULL),(24,27500,'2025-01-01 11:30:00.000000',50,50,49,NULL);
UNLOCK TABLES;

--
-- Dumping data for table `tipo_pedido_producto_mapping`
--

LOCK TABLES `tipo_pedido_producto_mapping` WRITE;
INSERT INTO `tipo_pedido_producto_mapping` VALUES (0.5,1,1,1),(0.85,2,1,2),(0.3,3,2,1),(0.5,4,2,2),(0.4,5,3,3),(0.6,6,4,4),(0.3,7,5,5),(0.7,8,1,3),(0.45,9,2,4),(0.55,10,3,5),(0.65,11,4,1),(0.35,12,5,2),(0.75,13,6,3),(0.4,14,7,4),(0.5,15,8,5),(0.6,16,9,1),(0.45,17,10,2),(0.55,18,11,3),(0.7,19,12,4),(0.35,20,13,5),(0.65,21,14,1),(0.45,22,15,2),(0.55,23,16,3),(0.75,24,17,4),(0.4,25,18,5),(0.6,26,19,1),(0.5,27,20,2),(0.7,28,21,3),(0.35,29,22,4),(0.65,30,23,5),(0.45,31,24,1),(0.55,32,25,2),(0.75,33,26,3),(0.4,34,27,4),(0.6,35,28,5),(0.5,36,29,1),(0.7,37,30,2),(0.35,38,31,3),(0.65,39,32,4),(0.45,40,33,5),(0.55,41,34,1),(0.75,42,35,2),(0.4,43,36,3),(0.6,44,37,4),(0.5,45,38,5),(0.7,46,39,1),(0.35,47,40,2),(0.65,48,41,3),(0.45,49,42,4),(0.55,50,43,5);
UNLOCK TABLES;

--
-- Dumping data for table `movimientos_caja`
--

LOCK TABLES `movimientos_caja` WRITE;
INSERT INTO `movimientos_caja` VALUES (15000,NULL,'2024-10-09 10:00:00.000000',1,NULL,NULL,NULL,'Compra de detergente','EFECTIVO','EGRESO'),(23000,NULL,'2024-10-11 09:30:00.000000',2,NULL,NULL,NULL,'Mantenimiento lavadora 2','EFECTIVO','EGRESO'),(8000,NULL,'2024-10-13 14:20:00.000000',3,NULL,NULL,NULL,'Compra de perchas','EFECTIVO','EGRESO'),(35000,NULL,'2024-10-15 11:45:00.000000',4,NULL,NULL,NULL,'Reparación secadora 1','EFECTIVO','EGRESO'),(12000,NULL,'2024-10-17 16:30:00.000000',5,NULL,NULL,NULL,'Compra de suavizante','EFECTIVO','EGRESO'),(9500,NULL,'2024-10-19 13:15:00.000000',6,NULL,NULL,NULL,'Compra de bolsas','EFECTIVO','EGRESO'),(28000,NULL,'2024-10-21 10:00:00.000000',7,NULL,NULL,NULL,'Mantenimiento general','EFECTIVO','EGRESO'),(17500,NULL,'2024-10-23 15:45:00.000000',8,NULL,NULL,NULL,'Compra de quitamanchas','EFECTIVO','EGRESO'),(6000,NULL,'2024-10-25 12:30:00.000000',9,NULL,NULL,NULL,'Artículos de limpieza','EFECTIVO','EGRESO'),(42000,NULL,'2024-10-27 09:15:00.000000',10,NULL,NULL,NULL,'Reparación plancha industrial','EFECTIVO','EGRESO'),(13000,NULL,'2024-10-29 14:00:00.000000',11,NULL,NULL,NULL,'Compra de blanqueador','EFECTIVO','EGRESO'),(9000,NULL,'2024-10-31 11:45:00.000000',12,NULL,NULL,NULL,'Insumos varios','EFECTIVO','EGRESO'),(25000,NULL,'2024-11-02 16:30:00.000000',13,NULL,NULL,NULL,'Mantenimiento caldera','EFECTIVO','EGRESO'),(18000,NULL,'2024-11-04 13:15:00.000000',14,NULL,NULL,NULL,'Compra de jabón líquido','EFECTIVO','EGRESO'),(7500,NULL,'2024-11-06 10:00:00.000000',15,NULL,NULL,NULL,'Artículos de empaque','EFECTIVO','EGRESO'),(21500.9,NULL,'2025-04-29 11:55:20.508000',16,16,NULL,NULL,'Generado por cobranza de pedido N°16 del cliente Patricia Molina en la fecha 29/04/2025.','EFECTIVO','INGRESO'),(20750.8,NULL,'2025-04-29 11:55:23.296000',17,20,NULL,NULL,'Generado por cobranza de pedido N°20 del cliente Mónica Silva en la fecha 29/04/2025.','EFECTIVO','INGRESO'),(20750.8,NULL,'2025-04-29 11:55:23.298000',18,20,NULL,NULL,'Generado por cobranza de pedido N°20 del cliente Mónica Silva en la fecha 29/04/2025.','EFECTIVO','INGRESO'),(11250.85,NULL,'2025-04-29 11:55:26.404000',19,24,NULL,NULL,'Generado por cobranza de pedido N°24 del cliente Luis García en la fecha 29/04/2025.','EFECTIVO','INGRESO'),(11250.85,NULL,'2025-04-29 11:55:26.404000',20,24,NULL,NULL,'Generado por cobranza de pedido N°24 del cliente Luis García en la fecha 29/04/2025.','EFECTIVO','INGRESO'),(11250.85,NULL,'2025-04-29 11:55:26.408000',21,24,NULL,NULL,'Generado por cobranza de pedido N°24 del cliente Luis García en la fecha 29/04/2025.','EFECTIVO','INGRESO'),(22570.85,NULL,'2025-04-29 11:56:15.827000',22,26,NULL,NULL,'Generado por cobranza de pedido N°26 del cliente Roberto Torres en la fecha 29/04/2025.','BANCO','INGRESO'),(23560,NULL,'2025-04-29 11:56:20.360000',23,32,NULL,NULL,'Generado por cobranza de pedido N°32 del cliente Leonardo Campos en la fecha 29/04/2025.','EFECTIVO','INGRESO'),(23560,NULL,'2025-04-29 11:56:20.360000',24,32,NULL,NULL,'Generado por cobranza de pedido N°32 del cliente Leonardo Campos en la fecha 29/04/2025.','EFECTIVO','INGRESO'),(4500.6,NULL,'2025-04-29 11:56:24.506000',25,1,NULL,NULL,'Generado por cobranza de pedido N°1 del cliente Hernán Frank en la fecha 29/04/2025.','EFECTIVO','INGRESO'),(4500.6,NULL,'2025-04-29 11:56:24.506000',26,1,NULL,NULL,'Generado por cobranza de pedido N°1 del cliente Hernán Frank en la fecha 29/04/2025.','EFECTIVO','INGRESO'),(4500.6,NULL,'2025-04-29 11:56:24.506000',27,1,NULL,NULL,'Generado por cobranza de pedido N°1 del cliente Hernán Frank en la fecha 29/04/2025.','EFECTIVO','INGRESO');
UNLOCK TABLES;

--
-- Dumping data for table `historial_estados_pedidos`
--

LOCK TABLES `historial_estados_pedidos` WRITE;
INSERT INTO `historial_estados_pedidos` VALUES ('2025-04-29 11:52:18.878000',1,4,'INGRESADO','LAVADO'),('2025-04-29 11:52:20.109000',2,8,'INGRESADO','LAVADO'),('2025-04-29 11:52:21.305000',3,12,'INGRESADO','LAVADO'),('2025-04-29 11:52:58.308000',4,4,'LAVADO','SECADO'),('2025-04-29 11:52:59.127000',5,8,'LAVADO','SECADO'),('2025-04-29 11:53:00.116000',6,12,'LAVADO','SECADO'),('2025-04-29 11:53:01.113000',7,16,'INGRESADO','LAVADO'),('2025-04-29 11:53:01.975000',8,20,'INGRESADO','LAVADO'),('2025-04-29 11:53:02.781000',9,24,'INGRESADO','LAVADO'),('2025-04-29 11:53:06.759000',10,35,'INGRESADO','CANCELADO'),('2025-04-29 11:53:09.231000',11,19,'INGRESADO','CANCELADO'),('2025-04-29 11:54:26.276000',12,16,'LAVADO','SECADO'),('2025-04-29 11:54:27.106000',13,20,'LAVADO','SECADO'),('2025-04-29 11:54:27.950000',14,24,'LAVADO','SECADO'),('2025-04-29 11:54:29.226000',15,26,'INGRESADO','LAVADO'),('2025-04-29 11:54:29.999000',16,32,'INGRESADO','LAVADO'),('2025-04-29 11:54:31.094000',17,1,'INGRESADO','LAVADO'),('2025-04-29 11:54:40.052000',18,4,'SECADO','FINALIZADO'),('2025-04-29 11:54:41.977000',19,8,'SECADO','FINALIZADO'),('2025-04-29 11:54:43.799000',20,12,'SECADO','FINALIZADO'),('2025-04-29 11:55:19.222000',21,16,'SECADO','FINALIZADO'),('2025-04-29 11:55:20.524000',22,16,'FINALIZADO','COBRADO'),('2025-04-29 11:55:22.308000',23,20,'SECADO','FINALIZADO'),('2025-04-29 11:55:23.304000',24,20,'FINALIZADO','COBRADO'),('2025-04-29 11:55:25.142000',26,24,'SECADO','FINALIZADO'),('2025-04-29 11:55:26.415000',29,24,'FINALIZADO','COBRADO'),('2025-04-29 11:55:36.719000',30,26,'LAVADO','SECADO'),('2025-04-29 11:55:37.395000',31,32,'LAVADO','SECADO'),('2025-04-29 11:55:38.312000',32,1,'LAVADO','SECADO'),('2025-04-29 11:55:39.102000',33,5,'INGRESADO','LAVADO'),('2025-04-29 11:55:39.876000',34,9,'INGRESADO','LAVADO'),('2025-04-29 11:55:40.600000',35,13,'INGRESADO','LAVADO'),('2025-04-29 11:56:11.813000',36,26,'SECADO','FINALIZADO'),('2025-04-29 11:56:15.835000',37,26,'FINALIZADO','COBRADO'),('2025-04-29 11:56:17.742000',38,32,'SECADO','FINALIZADO'),('2025-04-29 11:56:20.366000',40,32,'FINALIZADO','COBRADO'),('2025-04-29 11:56:22.698000',41,1,'SECADO','FINALIZADO'),('2025-04-29 11:56:24.513000',43,1,'FINALIZADO','COBRADO'),('2025-04-29 11:56:29.719000',45,5,'LAVADO','SECADO'),('2025-04-29 11:56:30.306000',46,9,'LAVADO','SECADO'),('2025-04-29 11:56:31.163000',47,13,'LAVADO','SECADO'),('2025-04-29 11:56:34.636000',48,17,'INGRESADO','LAVADO'),('2025-04-29 11:56:35.833000',49,21,'INGRESADO','LAVADO'),('2025-04-29 11:56:41.858000',50,20,'COBRADO','ENTREGADO'),('2025-04-29 11:56:43.568000',51,24,'COBRADO','ENTREGADO');
UNLOCK TABLES;

--
-- Dumping data for table `historial_maquinas_pedidos`
--

LOCK TABLES `historial_maquinas_pedidos` WRITE;
INSERT INTO `historial_maquinas_pedidos` VALUES ('2025-04-29 11:52:18.878000',1,NULL,2,4),('2025-04-29 11:52:20.109000',2,NULL,3,8),('2025-04-29 11:52:21.305000',3,NULL,4,12),('2025-04-29 11:52:58.308000',4,2,5,4),('2025-04-29 11:52:59.127000',5,3,6,8),('2025-04-29 11:53:00.116000',6,4,7,12),('2025-04-29 11:53:01.113000',7,NULL,2,16),('2025-04-29 11:53:01.975000',8,NULL,3,20),('2025-04-29 11:53:02.781000',9,NULL,4,24),('2025-04-29 11:53:06.759000',10,NULL,1,35),('2025-04-29 11:53:09.231000',11,NULL,1,19),('2025-04-29 11:54:26.276000',12,2,8,16),('2025-04-29 11:54:27.106000',13,3,9,20),('2025-04-29 11:54:27.950000',14,4,10,24),('2025-04-29 11:54:29.226000',15,NULL,2,26),('2025-04-29 11:54:29.999000',16,NULL,3,32),('2025-04-29 11:54:31.094000',17,NULL,4,1),('2025-04-29 11:54:40.052000',18,5,1,4),('2025-04-29 11:54:41.977000',19,6,1,8),('2025-04-29 11:54:43.799000',20,7,1,12),('2025-04-29 11:55:19.222000',21,8,1,16),('2025-04-29 11:55:22.308000',22,9,1,20),('2025-04-29 11:55:25.142000',23,10,1,24),('2025-04-29 11:55:36.719000',24,2,5,26),('2025-04-29 11:55:37.395000',25,3,6,32),('2025-04-29 11:55:38.312000',26,4,7,1),('2025-04-29 11:55:39.102000',27,NULL,2,5),('2025-04-29 11:55:39.876000',28,NULL,3,9),('2025-04-29 11:55:40.600000',29,NULL,4,13),('2025-04-29 11:56:11.813000',30,5,1,26),('2025-04-29 11:56:17.742000',31,6,1,32),('2025-04-29 11:56:22.698000',32,7,1,1),('2025-04-29 11:56:29.719000',33,2,5,5),('2025-04-29 11:56:30.306000',34,3,6,9),('2025-04-29 11:56:31.163000',35,4,7,13),('2025-04-29 11:56:34.636000',36,NULL,2,17),('2025-04-29 11:56:35.833000',37,NULL,3,21);
UNLOCK TABLES;

--
-- Dumping data for table `historial_productos_pedidos`
--

LOCK TABLES `historial_productos_pedidos` WRITE;
INSERT INTO `historial_productos_pedidos` VALUES (0.5,'2025-04-29 11:52:19.049000',1,4,1),(0.3,'2025-04-29 11:52:19.058000',2,4,2),(0.65,'2025-04-29 11:52:19.060000',3,4,4),(0.6,'2025-04-29 11:52:19.061000',4,4,9),(0.65,'2025-04-29 11:52:19.063000',5,4,14),(0.6,'2025-04-29 11:52:19.064000',6,4,19),(0.45,'2025-04-29 11:52:19.066000',7,4,24),(0.5,'2025-04-29 11:52:19.067000',8,4,29),(0.55,'2025-04-29 11:52:19.069000',9,4,34),(0.7,'2025-04-29 11:52:19.070000',10,4,39),(0.5,'2025-04-29 11:52:20.135000',11,8,1),(0.3,'2025-04-29 11:52:20.138000',12,8,2),(0.65,'2025-04-29 11:52:20.140000',13,8,4),(0.6,'2025-04-29 11:52:20.141000',14,8,9),(0.65,'2025-04-29 11:52:20.143000',15,8,14),(0.6,'2025-04-29 11:52:20.145000',16,8,19),(0.45,'2025-04-29 11:52:20.146000',17,8,24),(0.5,'2025-04-29 11:52:20.147000',18,8,29),(0.55,'2025-04-29 11:52:20.149000',19,8,34),(0.7,'2025-04-29 11:52:20.150000',20,8,39),(0.5,'2025-04-29 11:52:21.328000',21,12,1),(0.3,'2025-04-29 11:52:21.330000',22,12,2),(0.65,'2025-04-29 11:52:21.331000',23,12,4),(0.6,'2025-04-29 11:52:21.332000',24,12,9),(0.65,'2025-04-29 11:52:21.334000',25,12,14),(0.6,'2025-04-29 11:52:21.335000',26,12,19),(0.45,'2025-04-29 11:52:21.337000',27,12,24),(0.5,'2025-04-29 11:52:21.338000',28,12,29),(0.55,'2025-04-29 11:52:21.339000',29,12,34),(0.7,'2025-04-29 11:52:21.340000',30,12,39),(0.5,'2025-04-29 11:52:58.339000',31,4,1),(0.3,'2025-04-29 11:52:58.341000',32,4,2),(0.65,'2025-04-29 11:52:58.342000',33,4,4),(0.6,'2025-04-29 11:52:58.344000',34,4,9),(0.65,'2025-04-29 11:52:58.345000',35,4,14),(0.6,'2025-04-29 11:52:58.346000',36,4,19),(0.45,'2025-04-29 11:52:58.347000',37,4,24),(0.5,'2025-04-29 11:52:58.348000',38,4,29),(0.55,'2025-04-29 11:52:58.350000',39,4,34),(0.7,'2025-04-29 11:52:58.351000',40,4,39),(0.5,'2025-04-29 11:52:59.150000',41,8,1),(0.3,'2025-04-29 11:52:59.153000',42,8,2),(0.65,'2025-04-29 11:52:59.155000',43,8,4),(0.6,'2025-04-29 11:52:59.157000',44,8,9),(0.65,'2025-04-29 11:52:59.158000',45,8,14),(0.6,'2025-04-29 11:52:59.159000',46,8,19),(0.45,'2025-04-29 11:52:59.161000',47,8,24),(0.5,'2025-04-29 11:52:59.162000',48,8,29),(0.55,'2025-04-29 11:52:59.164000',49,8,34),(0.7,'2025-04-29 11:52:59.165000',50,8,39),(0.5,'2025-04-29 11:53:00.139000',51,12,1),(0.3,'2025-04-29 11:53:00.141000',52,12,2),(0.65,'2025-04-29 11:53:00.142000',53,12,4),(0.6,'2025-04-29 11:53:00.144000',54,12,9),(0.65,'2025-04-29 11:53:00.145000',55,12,14),(0.6,'2025-04-29 11:53:00.146000',56,12,19),(0.45,'2025-04-29 11:53:00.148000',57,12,24),(0.5,'2025-04-29 11:53:00.149000',58,12,29),(0.55,'2025-04-29 11:53:00.150000',59,12,34),(0.7,'2025-04-29 11:53:00.151000',60,12,39),(0.5,'2025-04-29 11:53:01.136000',61,16,1),(0.3,'2025-04-29 11:53:01.137000',62,16,2),(0.65,'2025-04-29 11:53:01.139000',63,16,4),(0.6,'2025-04-29 11:53:01.140000',64,16,9),(0.65,'2025-04-29 11:53:01.141000',65,16,14),(0.6,'2025-04-29 11:53:01.142000',66,16,19),(0.45,'2025-04-29 11:53:01.143000',67,16,24),(0.5,'2025-04-29 11:53:01.144000',68,16,29),(0.55,'2025-04-29 11:53:01.145000',69,16,34),(0.7,'2025-04-29 11:53:01.146000',70,16,39),(0.5,'2025-04-29 11:53:01.997000',71,20,1),(0.3,'2025-04-29 11:53:01.999000',72,20,2),(0.65,'2025-04-29 11:53:02.000000',73,20,4),(0.6,'2025-04-29 11:53:02.001000',74,20,9),(0.65,'2025-04-29 11:53:02.002000',75,20,14),(0.6,'2025-04-29 11:53:02.003000',76,20,19),(0.45,'2025-04-29 11:53:02.005000',77,20,24),(0.5,'2025-04-29 11:53:02.006000',78,20,29),(0.55,'2025-04-29 11:53:02.008000',79,20,34),(0.7,'2025-04-29 11:53:02.009000',80,20,39),(0.5,'2025-04-29 11:53:02.804000',81,24,1),(0.3,'2025-04-29 11:53:02.806000',82,24,2),(0.65,'2025-04-29 11:53:02.807000',83,24,4),(0.6,'2025-04-29 11:53:02.809000',84,24,9),(0.65,'2025-04-29 11:53:02.810000',85,24,14),(0.6,'2025-04-29 11:53:02.811000',86,24,19),(0.45,'2025-04-29 11:53:02.812000',87,24,24),(0.5,'2025-04-29 11:53:02.813000',88,24,29),(0.55,'2025-04-29 11:53:02.815000',89,24,34),(0.7,'2025-04-29 11:53:02.816000',90,24,39),(0.5,'2025-04-29 11:54:26.304000',91,16,1),(0.3,'2025-04-29 11:54:26.306000',92,16,2),(0.65,'2025-04-29 11:54:26.307000',93,16,4),(0.6,'2025-04-29 11:54:26.308000',94,16,9),(0.65,'2025-04-29 11:54:26.309000',95,16,14),(0.6,'2025-04-29 11:54:26.310000',96,16,19),(0.45,'2025-04-29 11:54:26.311000',97,16,24),(0.5,'2025-04-29 11:54:26.313000',98,16,29),(0.55,'2025-04-29 11:54:26.314000',99,16,34),(0.7,'2025-04-29 11:54:26.315000',100,16,39),(0.5,'2025-04-29 11:54:27.129000',101,20,1),(0.3,'2025-04-29 11:54:27.131000',102,20,2),(0.65,'2025-04-29 11:54:27.134000',103,20,4),(0.6,'2025-04-29 11:54:27.135000',104,20,9),(0.65,'2025-04-29 11:54:27.137000',105,20,14),(0.6,'2025-04-29 11:54:27.138000',106,20,19),(0.45,'2025-04-29 11:54:27.140000',107,20,24),(0.5,'2025-04-29 11:54:27.141000',108,20,29),(0.55,'2025-04-29 11:54:27.142000',109,20,34),(0.7,'2025-04-29 11:54:27.143000',110,20,39),(0.5,'2025-04-29 11:54:27.971000',111,24,1),(0.3,'2025-04-29 11:54:27.973000',112,24,2),(0.65,'2025-04-29 11:54:27.974000',113,24,4),(0.6,'2025-04-29 11:54:27.975000',114,24,9),(0.65,'2025-04-29 11:54:27.977000',115,24,14),(0.6,'2025-04-29 11:54:27.978000',116,24,19),(0.45,'2025-04-29 11:54:27.979000',117,24,24),(0.5,'2025-04-29 11:54:27.980000',118,24,29),(0.55,'2025-04-29 11:54:27.981000',119,24,34),(0.7,'2025-04-29 11:54:27.982000',120,24,39),(0.85,'2025-04-29 11:54:29.247000',121,26,1),(0.5,'2025-04-29 11:54:29.249000',122,26,2),(0.35,'2025-04-29 11:54:29.250000',123,26,5),(0.45,'2025-04-29 11:54:29.251000',124,26,10),(0.45,'2025-04-29 11:54:29.252000',125,26,15),(0.5,'2025-04-29 11:54:29.253000',126,26,20),(0.55,'2025-04-29 11:54:29.254000',127,26,25),(0.7,'2025-04-29 11:54:29.255000',128,26,30),(0.75,'2025-04-29 11:54:29.256000',129,26,35),(0.35,'2025-04-29 11:54:29.257000',130,26,40),(0.5,'2025-04-29 11:54:30.021000',131,32,1),(0.3,'2025-04-29 11:54:30.022000',132,32,2),(0.65,'2025-04-29 11:54:30.023000',133,32,4),(0.6,'2025-04-29 11:54:30.025000',134,32,9),(0.65,'2025-04-29 11:54:30.026000',135,32,14),(0.6,'2025-04-29 11:54:30.027000',136,32,19),(0.45,'2025-04-29 11:54:30.029000',137,32,24),(0.5,'2025-04-29 11:54:30.030000',138,32,29),(0.55,'2025-04-29 11:54:30.031000',139,32,34),(0.7,'2025-04-29 11:54:30.032000',140,32,39),(0.85,'2025-04-29 11:54:31.116000',141,1,1),(0.5,'2025-04-29 11:54:31.117000',142,1,2),(0.35,'2025-04-29 11:54:31.119000',143,1,5),(0.45,'2025-04-29 11:54:31.120000',144,1,10),(0.45,'2025-04-29 11:54:31.121000',145,1,15),(0.5,'2025-04-29 11:54:31.122000',146,1,20),(0.55,'2025-04-29 11:54:31.123000',147,1,25),(0.7,'2025-04-29 11:54:31.124000',148,1,30),(0.75,'2025-04-29 11:54:31.125000',149,1,35),(0.35,'2025-04-29 11:54:31.126000',150,1,40),(0.85,'2025-04-29 11:55:36.749000',151,26,1),(0.5,'2025-04-29 11:55:36.751000',152,26,2),(0.35,'2025-04-29 11:55:36.753000',153,26,5),(0.45,'2025-04-29 11:55:36.754000',154,26,10),(0.45,'2025-04-29 11:55:36.755000',155,26,15),(0.5,'2025-04-29 11:55:36.756000',156,26,20),(0.55,'2025-04-29 11:55:36.757000',157,26,25),(0.7,'2025-04-29 11:55:36.758000',158,26,30),(0.75,'2025-04-29 11:55:36.759000',159,26,35),(0.35,'2025-04-29 11:55:36.760000',160,26,40),(0.5,'2025-04-29 11:55:37.418000',161,32,1),(0.3,'2025-04-29 11:55:37.420000',162,32,2),(0.65,'2025-04-29 11:55:37.421000',163,32,4),(0.6,'2025-04-29 11:55:37.422000',164,32,9),(0.65,'2025-04-29 11:55:37.424000',165,32,14),(0.6,'2025-04-29 11:55:37.425000',166,32,19),(0.45,'2025-04-29 11:55:37.426000',167,32,24),(0.5,'2025-04-29 11:55:37.427000',168,32,29),(0.55,'2025-04-29 11:55:37.428000',169,32,34),(0.7,'2025-04-29 11:55:37.429000',170,32,39),(0.85,'2025-04-29 11:55:38.332000',171,1,1),(0.5,'2025-04-29 11:55:38.333000',172,1,2),(0.35,'2025-04-29 11:55:38.334000',173,1,5),(0.45,'2025-04-29 11:55:38.335000',174,1,10),(0.45,'2025-04-29 11:55:38.336000',175,1,15),(0.5,'2025-04-29 11:55:38.337000',176,1,20),(0.55,'2025-04-29 11:55:38.339000',177,1,25),(0.7,'2025-04-29 11:55:38.340000',178,1,30),(0.75,'2025-04-29 11:55:38.341000',179,1,35),(0.35,'2025-04-29 11:55:38.342000',180,1,40),(0.85,'2025-04-29 11:55:39.123000',181,5,1),(0.5,'2025-04-29 11:55:39.124000',182,5,2),(0.35,'2025-04-29 11:55:39.126000',183,5,5),(0.45,'2025-04-29 11:55:39.127000',184,5,10),(0.45,'2025-04-29 11:55:39.128000',185,5,15),(0.5,'2025-04-29 11:55:39.129000',186,5,20),(0.55,'2025-04-29 11:55:39.130000',187,5,25),(0.7,'2025-04-29 11:55:39.131000',188,5,30),(0.75,'2025-04-29 11:55:39.132000',189,5,35),(0.35,'2025-04-29 11:55:39.133000',190,5,40),(0.85,'2025-04-29 11:55:39.896000',191,9,1),(0.5,'2025-04-29 11:55:39.898000',192,9,2),(0.35,'2025-04-29 11:55:39.899000',193,9,5),(0.45,'2025-04-29 11:55:39.900000',194,9,10),(0.45,'2025-04-29 11:55:39.900000',195,9,15),(0.5,'2025-04-29 11:55:39.901000',196,9,20),(0.55,'2025-04-29 11:55:39.902000',197,9,25),(0.7,'2025-04-29 11:55:39.903000',198,9,30),(0.75,'2025-04-29 11:55:39.904000',199,9,35),(0.35,'2025-04-29 11:55:39.904000',200,9,40),(0.85,'2025-04-29 11:55:40.620000',201,13,1),(0.5,'2025-04-29 11:55:40.622000',202,13,2),(0.35,'2025-04-29 11:55:40.622000',203,13,5),(0.45,'2025-04-29 11:55:40.623000',204,13,10),(0.45,'2025-04-29 11:55:40.624000',205,13,15),(0.5,'2025-04-29 11:55:40.625000',206,13,20),(0.55,'2025-04-29 11:55:40.626000',207,13,25),(0.7,'2025-04-29 11:55:40.626000',208,13,30),(0.75,'2025-04-29 11:55:40.627000',209,13,35),(0.35,'2025-04-29 11:55:40.628000',210,13,40),(0.85,'2025-04-29 11:56:29.748000',211,5,1),(0.5,'2025-04-29 11:56:29.749000',212,5,2),(0.35,'2025-04-29 11:56:29.750000',213,5,5),(0.45,'2025-04-29 11:56:29.751000',214,5,10),(0.45,'2025-04-29 11:56:29.752000',215,5,15),(0.5,'2025-04-29 11:56:29.753000',216,5,20),(0.55,'2025-04-29 11:56:29.754000',217,5,25),(0.7,'2025-04-29 11:56:29.755000',218,5,30),(0.75,'2025-04-29 11:56:29.756000',219,5,35),(0.35,'2025-04-29 11:56:29.757000',220,5,40),(0.85,'2025-04-29 11:56:30.329000',221,9,1),(0.5,'2025-04-29 11:56:30.331000',222,9,2),(0.35,'2025-04-29 11:56:30.332000',223,9,5),(0.45,'2025-04-29 11:56:30.333000',224,9,10),(0.45,'2025-04-29 11:56:30.334000',225,9,15),(0.5,'2025-04-29 11:56:30.335000',226,9,20),(0.55,'2025-04-29 11:56:30.336000',227,9,25),(0.7,'2025-04-29 11:56:30.337000',228,9,30),(0.75,'2025-04-29 11:56:30.337000',229,9,35),(0.35,'2025-04-29 11:56:30.338000',230,9,40),(0.85,'2025-04-29 11:56:31.182000',231,13,1),(0.5,'2025-04-29 11:56:31.184000',232,13,2),(0.35,'2025-04-29 11:56:31.185000',233,13,5),(0.45,'2025-04-29 11:56:31.185000',234,13,10),(0.45,'2025-04-29 11:56:31.186000',235,13,15),(0.5,'2025-04-29 11:56:31.187000',236,13,20),(0.55,'2025-04-29 11:56:31.188000',237,13,25),(0.7,'2025-04-29 11:56:31.189000',238,13,30),(0.75,'2025-04-29 11:56:31.190000',239,13,35),(0.35,'2025-04-29 11:56:31.191000',240,13,40),(0.85,'2025-04-29 11:56:34.655000',241,17,1),(0.5,'2025-04-29 11:56:34.656000',242,17,2),(0.35,'2025-04-29 11:56:34.657000',243,17,5),(0.45,'2025-04-29 11:56:34.658000',244,17,10),(0.45,'2025-04-29 11:56:34.658000',245,17,15),(0.5,'2025-04-29 11:56:34.659000',246,17,20),(0.55,'2025-04-29 11:56:34.660000',247,17,25),(0.7,'2025-04-29 11:56:34.661000',248,17,30),(0.75,'2025-04-29 11:56:34.661000',249,17,35),(0.35,'2025-04-29 11:56:34.662000',250,17,40),(0.4,'2025-04-29 11:56:35.853000',251,21,3),(0.7,'2025-04-29 11:56:35.854000',252,21,1),(0.75,'2025-04-29 11:56:35.855000',253,21,6),(0.55,'2025-04-29 11:56:35.856000',254,21,11),(0.55,'2025-04-29 11:56:35.857000',255,21,16),(0.7,'2025-04-29 11:56:35.857000',256,21,21),(0.75,'2025-04-29 11:56:35.860000',257,21,26),(0.35,'2025-04-29 11:56:35.861000',258,21,31),(0.4,'2025-04-29 11:56:35.862000',259,21,36),(0.65,'2025-04-29 11:56:35.862000',260,21,41);
UNLOCK TABLES;

--
-- Dumping data for stored procedure `AVG_TIEMPO_BY_ESTADO_PEDIDO`
--

DROP PROCEDURE IF EXISTS AVG_TIEMPO_BY_ESTADO_PEDIDO;
CREATE PROCEDURE AVG_TIEMPO_BY_ESTADO_PEDIDO() BEGIN WITH estado_tiempos AS (SELECT pedido.id, pedido.tipo_id, pedido.fecha_hora_ingreso, MAX(CASE WHEN historial_estados.estado_nuevo = 'PENDIENTE' THEN historial_estados.fecha_hora_cambio_estado END) as hora_pendiente, MAX(CASE WHEN historial_estados.estado_nuevo = 'LAVADO' THEN historial_estados.fecha_hora_cambio_estado END) as hora_lavado, MAX(CASE WHEN historial_estados.estado_nuevo = 'SECADO' THEN historial_estados.fecha_hora_cambio_estado END) as hora_secado, MAX(CASE WHEN historial_estados.estado_nuevo = 'FINALIZADO' THEN historial_estados.fecha_hora_cambio_estado END) as hora_finalizado, MAX(CASE WHEN historial_estados.estado_nuevo = 'COBRADO' THEN historial_estados.fecha_hora_cambio_estado END) as hora_cobrado FROM pedidos pedido LEFT JOIN historial_estados_pedidos historial_estados ON pedido.id = historial_estados.pedido_id GROUP BY pedido.id, pedido.tipo_id, pedido.fecha_hora_ingreso) SELECT estado, AVG(tiempo_minutos) as promedio_minutos FROM (SELECT 'INGRESADO' as estado, TIMESTAMPDIFF(MINUTE, fecha_hora_ingreso, hora_pendiente) as tiempo_minutos FROM estado_tiempos WHERE hora_pendiente IS NOT NULL UNION ALL SELECT 'PENDIENTE', TIMESTAMPDIFF(MINUTE, hora_pendiente, hora_lavado) FROM estado_tiempos WHERE hora_pendiente IS NOT NULL AND hora_lavado IS NOT NULL UNION ALL SELECT 'LAVADO', TIMESTAMPDIFF(MINUTE, hora_lavado, hora_secado) FROM estado_tiempos WHERE hora_lavado IS NOT NULL AND hora_secado IS NOT NULL UNION ALL SELECT 'SECADO', TIMESTAMPDIFF(MINUTE, hora_secado, hora_finalizado) FROM estado_tiempos WHERE hora_secado IS NOT NULL AND hora_finalizado IS NOT NULL UNION ALL SELECT 'FINALIZADO', TIMESTAMPDIFF(MINUTE, hora_finalizado, hora_cobrado) FROM estado_tiempos WHERE hora_finalizado IS NOT NULL AND hora_cobrado IS NOT NULL) t GROUP BY estado ORDER BY estado; END;

DROP PROCEDURE IF EXISTS AVG_TIEMPO_BY_TIPO_PEDIDO;
CREATE PROCEDURE AVG_TIEMPO_BY_TIPO_PEDIDO() BEGIN SELECT tipopedido.descripcion AS tipo_pedido, AVG(ABS(TIMESTAMPDIFF(MINUTE, pedido.fecha_hora_entrega, pedido.fecha_hora_ingreso))) AS tiempo_promedio FROM pedidos pedido INNER JOIN tipos_pedido tipopedido ON pedido.tipo_id = tipopedido.id WHERE pedido.fecha_hora_entrega IS NOT NULL GROUP BY tipo_pedido ORDER BY tiempo_promedio DESC; END;